u,eta_index,quantity,actual_Frobenius,first_order_Frobenius,remainder_Frobenius,relative_remainder
0.001,0,Gamma,5.032996208436668e-05,5.0339676662240014e-05,1.0364304847082253e-08,0.0002059271340143047
0.001,0,C,5.127512828026144e-09,5.128310042199637e-09,8.466889997788371e-13,0.00016512664681226616
0.001,0,mean,7.816706506778556e-10,7.817992677661315e-10,1.2896127992753608e-13,0.00016498160678759318
0.001,0,covariance,2.8621066945577082e-11,2.862646163539694e-11,5.402001251312726e-15,0.00018874213395274968
0.001,1,Gamma,5.032996208436668e-05,5.0339676662240014e-05,1.0364304847082253e-08,0.0002059271340143047
0.001,1,C,5.127512495518258e-09,5.128310042199637e-09,8.470608360195623e-13,0.00016519917538181377
0.001,1,mean,7.816693797533183e-10,7.817992677661315e-10,1.3032887820046952e-13,0.00016673146163356063
0.001,1,covariance,4.5781342463915383e-10,4.5789971990249157e-10,8.641203422238335e-14,0.00018874945462879966
0.001,2,Gamma,5.032996208436668e-05,5.0339676662240014e-05,1.0364304847082253e-08,0.0002059271340143047
0.001,2,C,5.127512838303909e-09,5.128310042199637e-09,8.466764119487854e-13,0.00016512419152300964
0.001,2,mean,7.816704945918103e-10,7.817992677661315e-10,1.29111301509695e-13,0.00016517356405670286
0.001,2,covariance,5.700163973085426e-11,5.7010746272426315e-11,9.128462278894585e-15,0.0001601438541416812
0.001,3,Gamma,5.032996208436668e-05,5.0339676662240014e-05,1.0364304847082253e-08,0.0002059271340143047
0.001,3,C,5.1275113617479535e-09,5.128310042199637e-09,8.482313088147734e-13,0.00016542748498671564
0.001,3,mean,7.816692245565071e-10,7.817992677661315e-10,1.3047090232861567e-13,0.00016691318812332733
0.001,3,covariance,4.85541438505126e-10,4.856321787239859e-10,9.088723782832189e-14,0.0001871873966270386
0.001,4,Gamma,5.032996208436668e-05,5.0339676662240014e-05,1.0364304847082253e-08,0.0002059271340143047
0.001,4,C,3.517150499801072e-08,3.5176681928894564e-08,5.459870071708455e-12,0.00015523561110101095
0.001,4,mean,4.25510182268414e-09,4.255747780480383e-09,6.477241197239043e-13,0.00015222294241488133
0.001,4,covariance,1.4792429294551013e-10,1.4794980991412622e-10,2.5554866158648505e-14,0.0001727563853765519
0.001,5,Gamma,5.032996208436668e-05,5.0339676662240014e-05,1.0364304847082253e-08,0.0002059271340143047
0.001,5,C,3.517150502958816e-08,3.5176681928894564e-08,5.460061570945033e-12,0.00015524105568845393
0.001,5,mean,4.255101035724352e-09,4.255747780480383e-09,6.485827184639649e-13,0.00015242475161428352
0.001,5,covariance,2.360897003860962e-09,2.3613045268077034e-09,4.081257868761528e-13,0.0001728689503221497
0.001,6,Gamma,5.032996208436668e-05,5.0339676662240014e-05,1.0364304847082253e-08,0.0002059271340143047
0.001,6,C,3.5171504895544535e-08,3.5176681928894564e-08,5.459988179185968e-12,0.00015523896959773335
0.001,6,mean,4.2551020696560565e-09,4.255747780480383e-09,6.474674710978862e-13,0.0001521626180756274
0.001,6,covariance,3.4782975512841356e-10,3.478809942994159e-10,5.135337547902106e-14,0.00014763939749795748
0.001,7,Gamma,5.032996208436668e-05,5.0339676662240014e-05,1.0364304847082253e-08,0.0002059271340143047
0.001,7,C,3.51715045337481e-08,3.5176681928894564e-08,5.460660241170129e-12,0.0001552580793332416
0.001,7,mean,4.255101515713566e-09,4.255747780480383e-09,6.480476203954409e-13,0.00015229897994261258
0.001,7,covariance,2.5556026992519435e-09,2.556036065784803e-09,4.340718736661427e-13,0.0001698510781011465
0.001,8,Gamma,5.032996208436668e-05,5.0339676662240014e-05,1.0364304847082253e-08,0.0002059271340143047
0.001,8,C,5.127512795084149e-05,5.1283100421996385e-05,8.467230704827075e-09,0.00016513329255745166
0.001,8,mean,7.816706127969118e-06,7.817992677661317e-06,1.2900093161784477e-09,0.00016503234163590193
0.001,8,covariance,1.212432653943995e-06,1.2126306999014086e-06,1.987501622147528e-10,0.0001639267645656247
0.001,9,Gamma,5.032996208436668e-05,5.0339676662240014e-05,1.0364304847082253e-08,0.0002059271340143047
0.001,9,C,5.1275127950698525e-05,5.1283100421996385e-05,8.46723097277109e-09,0.00016513329778352587
0.001,9,mean,7.816706127655167e-06,7.817992677661317e-06,1.2900096291054749e-09,0.00016503238167563659
0.001,9,covariance,5.402286621344734e-06,5.403278986638947e-06,9.945279747468344e-10,0.00018409389291145701
0.001,10,Gamma,5.032996208436668e-05,5.0339676662240014e-05,1.0364304847082253e-08,0.0002059271340143047
0.001,10,C,5.127512795083266e-05,5.1283100421996385e-05,8.467230720079725e-09,0.00016513329285494692
0.001,10,mean,7.816706127972676e-06,7.817992677661317e-06,1.2900092902158258e-09,0.00016503233831439943
0.001,10,covariance,1.4997937553664613e-06,1.5000301541886803e-06,2.370163079948099e-10,0.0001580326009137817
0.001,11,Gamma,5.032996208436668e-05,5.0339676662240014e-05,1.0364304847082253e-08,0.0002059271340143047
0.001,11,C,5.127512795091346e-05,5.1283100421996385e-05,8.467230695986227e-09,0.00016513329238480005
0.001,11,mean,7.816706128925203e-06,7.817992677661317e-06,1.290008273547262e-09,0.00016503220823073698
0.001,11,covariance,5.686554410667958e-06,5.687584014381754e-06,1.0319215110106025e-09,0.00018146691941867664
0.001,12,Gamma,5.032996208436668e-05,5.0339676662240014e-05,1.0364304847082253e-08,0.0002059271340143047
0.001,12,C,0.0003517150500329819,0.0003517668192889456,5.459881693853728e-08,0.00015523594151975386
0.001,12,mean,4.255101835923651e-05,4.255747780480383e-05,6.47709912121338e-09,0.00015221960298412936
0.001,12,covariance,4.8557325668650714e-05,4.856462393054088e-05,7.318379360852208e-09,0.00015071627730884398
0.001,13,Gamma,5.032996208436668e-05,5.0339676662240014e-05,1.0364304847082253e-08,0.0002059271340143047
0.001,13,C,0.0003517150500351063,0.0003517668192889456,5.45988148948131e-08,0.0001552359357080777
0.001,13,mean,4.255101835935258e-05,4.255747780480383e-05,6.477098288788206e-09,0.00015221958342072348
0.001,13,covariance,6.812847037795812e-05,6.813919214745369e-05,1.0757680981823314e-08,0.00015790286971280348
0.001,14,Gamma,5.032996208436668e-05,5.0339676662240014e-05,1.0364304847082253e-08,0.0002059271340143047
0.001,14,C,0.00035171505003405297,0.0003517668192889456,5.459881574543544e-08,0.00015523593812704118
0.001,14,mean,4.255101835427138e-05,4.255747780480383e-05,6.477103711633726e-09,0.00015221971088227876
0.001,14,covariance,5.051923853609549e-05,5.0526793983267666e-05,7.574882327938252e-09,0.0001499405483423127
0.001,15,Gamma,5.032996208436668e-05,5.0339676662240014e-05,1.0364304847082253e-08,0.0002059271340143047
0.001,15,C,0.00035171505003454075,0.0003517668192889456,5.459881586294232e-08,0.0001552359384609227
0.001,15,mean,4.255101835427138e-05,4.255747780480383e-05,6.477103711633726e-09,0.00015221971088227876
0.001,15,covariance,7.015472283360347e-05,7.016570847182562e-05,1.102102753300066e-08,0.00015709601702997093
0.002,0,Gamma,0.00020120336315863368,0.00020135870664896006,1.6573163741212766e-07,0.0008237021231173992
0.002,0,C,2.0500489422403372e-08,2.051324016879855e-08,1.3541979256353821e-11,0.0006605685833800074
0.002,0,mean,3.125139546989756e-09,3.127197071064526e-09,2.0630508373187556e-12,0.0006601467890628944
0.002,0,covariance,1.1441956277675172e-10,1.1450584654158776e-10,8.640119227085062e-14,0.0007551260481516715
0.002,1,Gamma,0.00020120336315863368,0.00020135870664896006,1.6573163741212766e-07,0.0008237021231173992
0.002,1,C,2.0500488691082652e-08,2.051324016879855e-08,1.3542516203678811e-11,0.000660594798872749
0.002,1,mean,3.125140182872625e-09,3.127197071064526e-09,2.062366711796763e-12,0.0006599277443935453
0.002,1,covariance,1.830218272852674e-09,1.8315988796099663e-09,1.3824874779121886e-12,0.000755367541903825
0.002,2,Gamma,0.00020120336315863368,0.00020135870664896006,1.6573163741212766e-07,0.0008237021231173992
0.002,2,C,2.0500489429896718e-08,2.051324016879855e-08,1.3541985150442276e-11,0.0006605688706482019
0.002,2,mean,3.125139389127455e-09,3.127197071064526e-09,2.063213788379946e-12,0.0006601989644231514
0.002,2,covariance,2.2789712063331388e-10,2.2804298508970526e-10,1.46220352699876e-13,0.0006416068456395477
0.002,3,Gamma,0.00020120336315863368,0.00020135870664896006,1.6573163741212766e-07,0.0008237021231173992
0.002,3,C,2.0500489946614546e-08,2.051324016879855e-08,1.354127552310036e-11,0.0006605342388578654
0.002,3,mean,3.1251403380747447e-09,3.127197071064526e-09,2.0622231722854306e-12,0.0006598817810389506
0.002,3,covariance,1.9410900079733755e-09,1.9425287148959437e-09,1.4408842865803721e-12,0.0007423067867340934
0.002,4,Gamma,0.00020120336315863368,0.00020135870664896006,1.6573163741212766e-07,0.0008237021231173992
0.002,4,C,1.4062392728183608e-07,1.4070672771557826e-07,8.732634895030401e-11,0.0006209921073764782
0.002,4,mean,1.7012659962570897e-08,1.7022991121921532e-08,1.0359380103826805e-11,0.0006089218338941826
0.002,4,covariance,5.913911359064763e-10,5.917992396565049e-10,4.087098866892313e-13,0.0006910991083130902
0.002,5,Gamma,0.00020120336315863368,0.00020135870664896006,1.6573163741212766e-07,0.0008237021231173992
0.002,5,C,1.4062392705990818e-07,1.4070672771557826e-07,8.732651155884027e-11,0.0006209932646926983
0.002,5,mean,1.7012659554108743e-08,1.7022991121921532e-08,1.0359825728454761e-11,0.0006089480422214615
0.002,5,covariance,9.438702748791476e-09,9.445218107230814e-09,6.524976017187813e-12,0.0006913000854935564
0.002,6,Gamma,0.00020120336315863368,0.00020135870664896006,1.6573163741212766e-07,0.0008237021231173992
0.002,6,C,1.4062392730976347e-07,1.4070672771557826e-07,8.73263338483181e-11,0.0006209919998604324
0.002,6,mean,1.7012659952873048e-08,1.7022991121921532e-08,1.0359389069916546e-11,0.0006089223612658573
0.002,6,covariance,1.3907041594990392e-09,1.3915239771976636e-09,8.216466156271841e-13,0.0005908133732217774
0.002,7,Gamma,0.00020120336315863368,0.00020135870664896006,1.6573163741212766e-07,0.0008237021231173992
0.002,7,C,1.4062392727455882e-07,1.4070672771557826e-07,8.732637802121505e-11,0.0006209923141366699
0.002,7,mean,1.7012659554108743e-08,1.7022991121921532e-08,1.0359825728454761e-11,0.0006089480422214615
0.002,7,covariance,1.0217229241589113e-08,1.0224144263139211e-08,6.926130970503061e-12,0.000677887400461793
0.002,8,Gamma,0.00020120336315863368,0.00020135870664896006,1.6573163741212766e-07,0.0008237021231173992
0.002,8,C,0.00020500489476139603,0.00020513240168798554,1.3541914044865052e-07,0.0006605654006762329
0.002,8,mean,3.125139494821598e-05,3.127197071064527e-05,2.063106141085738e-08,0.0006601644964982635
0.002,8,covariance,4.847355406975138e-06,4.850522799605634e-06,3.1786504297902506e-09,0.0006557494062053523
0.002,9,Gamma,0.00020120336315863368,0.00020135870664896006,1.6573163741212766e-07,0.0008237021231173992
0.002,9,C,0.00020500489476160517,0.00020513240168798554,1.3541914022825612e-07,0.00066056539960049
0.002,9,mean,3.1251394947891383e-05,3.127197071064527e-05,2.063106180163311e-08,0.0006601645090093856
0.002,9,covariance,2.159724593908275e-05,2.1613115946555787e-05,1.5904585193038513e-08,0.0007364172838471642
0.002,10,Gamma,0.00020120336315863368,0.00020135870664896006,1.6573163741212766e-07,0.0008237021231173992
0.002,10,C,0.00020500489476121193,0.00020513240168798554,1.3541914063078468e-07,0.0006605654015652641
0.002,10,mean,3.1251394947580976e-05,3.127197071064527e-05,2.0631062088612002e-08,0.0006601645181988574
0.002,10,covariance,5.996339780747439e-06,6.000120616754721e-06,3.790707388038288e-09,0.0006321702116029487
0.002,11,Gamma,0.00020120336315863368,0.00020135870664896006,1.6573163741212766e-07,0.0008237021231173992
0.002,11,C,0.00020500489476164109,0.00020513240168798554,1.354191401804966e-07,0.0006605653993674066
0.002,11,mean,3.1251394947270576e-05,3.127197071064527e-05,2.0631062375590904e-08,0.0006601645273883294
0.002,11,covariance,2.2733870439756166e-05,2.2750336057527015e-05,1.650267468651016e-08,0.0007259069558895208
0.002,12,Gamma,0.00020120336315863368,0.00020135870664896006,1.6573163741212766e-07,0.0008237021231173992
0.002,12,C,0.0014062392727356848,0.0014070672771557824,8.732635024894756e-07,0.0006209921166478567
0.002,12,mean,0.00017012659911269496,0.00017022991121921533,1.0359433878659238e-07,0.0006089249966019105
0.002,12,covariance,0.000194141766159004,0.0001942584957221635,1.1705121433884586e-07,0.0006029161918872201
0.002,13,Gamma,0.00020120336315863368,0.00020135870664896006,1.6573163741212766e-07,0.0008237021231173992
0.002,13,C,0.0014062392727366522,0.0014070672771557824,8.732635013667287e-07,0.0006209921158490256
0.002,13,mean,0.00017012659911257923,0.00017022991121921533,1.0359433961865523e-07,0.0006089250014931699
0.002,13,covariance,0.0002723852866247109,0.00027255676858981476,1.7205616329104917e-07,0.0006316646740471927
0.002,14,Gamma,0.00020120336315863368,0.00020135870664896006,1.6573163741212766e-07,0.0008237021231173992
0.002,14,C,0.0014062392727352288,0.0014070672771557824,8.732635027413001e-07,0.0006209921168271347
0.002,14,mean,0.00017012659911766026,0.00017022991121921533,1.0359433419597447e-07,0.0006089249696005984
0.002,14,covariance,0.00020198633264850352,0.00020210717593307066,1.211540766116149e-07,0.0005998132399504829
0.002,15,Gamma,0.00020120336315863368,0.00020135870664896006,1.6573163741212766e-07,0.0008237021231173992
0.002,15,C,0.0014062392727357282,0.0014070672771557824,8.732635022479842e-07,0.000620992116476109
0.002,15,mean,0.00017012659911269496,0.00017022991121921533,1.0359433878659238e-07,0.0006089249966019105
0.002,15,covariance,0.00028048713191645167,0.00028066283388730246,1.762678352867279e-07,0.0006284346596664283
0.004,0,Gamma,0.0008029550999017869,0.0008054348265958402,2.645456959751771e-06,0.0032946511705017494
0.004,0,C,8.184928714195866e-08,8.20529606751942e-08,2.163077351166049e-10,0.0026427564939135355
0.004,0,mean,1.2475925142504677e-08,1.2508788284258104e-08,3.295126017467157e-11,0.002641187711395345
0.004,0,covariance,4.5664570350054113e-10,4.5802338616635105e-10,1.379556106932067e-12,0.003021064462791846
0.004,1,Gamma,0.0008029550999017869,0.0008054348265958402,2.645456959751771e-06,0.0032946511705017494
0.004,1,C,8.184928705569123e-08,8.20529606751942e-08,2.1630777468467096e-10,0.0026427569801248554
0.004,1,mean,1.2475925489063425e-08,1.2508788284258104e-08,3.29508944389891e-11,0.002641158322713159
0.004,1,covariance,7.304357709680076e-09,7.326395518439865e-09,2.206774361957238e-11,0.00302117509802774
0.004,2,Gamma,0.0008029550999017869,0.0008054348265958402,2.645456959751771e-06,0.0032946511705017494
0.004,2,C,8.184928709662449e-08,8.20529606751942e-08,2.1630779054243137e-10,0.0026427571725466136
0.004,2,mean,1.2475925407948562e-08,1.2508788284258104e-08,3.295099209188904e-11,0.0026411661671923406
0.004,2,covariance,9.098421097605138e-10,9.12171940358821e-10,2.3355060704028664e-12,0.0025669355653560725
0.004,3,Gamma,0.0008029550999017869,0.0008054348265958402,2.645456959751771e-06,0.0032946511705017494
0.004,3,C,8.184928594499836e-08,8.20529606751942e-08,2.1630893971207291e-10,0.002642771249799658
0.004,3,mean,1.2475925489063425e-08,1.2508788284258104e-08,3.29508944389891e-11,0.002641158322713159
0.004,3,covariance,7.747146642357972e-09,7.770114859583775e-09,2.30028461571442e-11,0.0029692023681822167
0.004,4,Gamma,0.0008029550999017869,0.0008054348265958402,2.645456959751771e-06,0.0032946511705017494
0.004,4,C,5.615040496296857e-07,5.62826910862313e-07,1.3951865537911858e-09,0.002484731062423
0.004,4,mean,6.792691620456678e-08,6.809196448768613e-08,1.6549839008954947e-10,0.002436418423458813
0.004,4,covariance,2.3606786835026157e-09,2.3671969586260195e-09,6.5279547020704155e-12,0.002765287265772518
0.004,5,Gamma,0.0008029550999017869,0.0008054348265958402,2.645456959751771e-06,0.0032946511705017494
0.004,5,C,5.615040493939518e-07,5.62826910862313e-07,1.3951868000224146e-09,0.0024847315019869967
0.004,5,mean,6.792691637302804e-08,6.809196448768613e-08,1.654982116848229e-10,0.002436415790994714
0.004,5,covariance,3.767680862088288e-08,3.7780872428923255e-08,1.0421734725112766e-10,0.0027660874438649717
0.004,6,Gamma,0.0008029550999017869,0.0008054348265958402,2.645456959751771e-06,0.0032946511705017494
0.004,6,C,5.615040495842541e-07,5.62826910862313e-07,1.3951865736957733e-09,0.0024847310980727387
0.004,6,mean,6.792691629185896e-08,6.809196448768613e-08,1.6549830938086345e-10,0.0024364172321583574
0.004,6,covariance,5.552998406421717e-09,5.566095908790654e-09,1.3126696938726122e-11,0.002363893518057896
0.004,7,Gamma,0.0008029550999017869,0.0008054348265958402,2.645456959751771e-06,0.0032946511705017494
0.004,7,C,5.6150404924499e-07,5.62826910862313e-07,1.395186898006766e-09,0.0024847316771495474
0.004,7,mean,6.792691573797953e-08,6.809196448768613e-08,1.6549888943393786e-10,0.0024364257913951416
0.004,7,covariance,4.078611581330255e-08,4.0896577052556846e-08,1.1063870773015923e-10,0.0027126561459444977
0.004,8,Gamma,0.0008029550999017869,0.0008054348265958402,2.645456959751771e-06,0.0032946511705017494
0.004,8,C,0.0008184928713232299,0.0008205296067519422,2.1630774900227216e-06,0.0026427566638738673
0.004,8,mean,0.00012475925105258026,0.00012508788284258107,3.2951300489499066e-07,0.0026411909506904316
0.004,8,covariance,1.9351499123103056e-05,1.9402091198422537e-05,5.0771574453330415e-08,0.0026236507120379147
0.004,9,Gamma,0.0008029550999017869,0.0008054348265958402,2.645456959751771e-06,0.0032946511705017494
0.004,9,C,0.0008184928713232229,0.0008205296067519422,2.163077489911844e-06,0.0026427566637384245
0.004,9,mean,0.0001247592510528977,0.00012508788284258107,3.2951300455616346e-07,0.0026411909479678625
0.004,9,covariance,8.619904800525212e-05,8.645246378622315e-05,2.539673810914621e-07,0.0029462898601384535
0.004,10,Gamma,0.0008029550999017869,0.0008054348265958402,2.645456959751771e-06,0.0032946511705017494
0.004,10,C,0.0008184928713234777,0.0008205296067519422,2.16307748971482e-06,0.0026427566634968864
0.004,10,mean,0.00012475925105258026,0.00012508788284258107,3.2951300489499066e-07,0.0026411909506904316
0.004,10,covariance,2.3940088271320684e-05,2.4000482467018885e-05,6.055159239471741e-08,0.002529296956154331
0.004,11,Gamma,0.0008029550999017869,0.0008054348265958402,2.645456959751771e-06,0.0032946511705017494
0.004,11,C,0.0008184928713229659,0.0008205296067519422,2.163077490144537e-06,0.0026427566640235484
0.004,11,mean,0.00012475925105258725,0.00012508788284258107,3.295130048432012e-07,0.0026411909502751683
0.004,11,covariance,9.073841088889681e-05,9.100134423010806e-05,2.6352445433912513e-07,0.002904221616375819
0.004,12,Gamma,0.0008029550999017869,0.0008054348265958402,2.645456959751771e-06,0.0032946511705017494
0.004,12,C,0.00561504049621088,0.00562826910862313,1.3951865553948604e-05,0.00248473106531708
0.004,12,mean,0.0006792691619906582,0.0006809196448768613,1.6549839549971588e-06,0.0024364185033029944
0.004,12,covariance,0.000775169043180578,0.000777033982888654,1.8700730331513606e-06,0.0024124712533388944
0.004,13,Gamma,0.0008029550999017869,0.0008054348265958402,2.645456959751771e-06,0.0032946511705017494
0.004,13,C,0.005615040496208619,0.00562826910862313,1.3951865555986506e-05,0.0024847310656810166
0.004,13,mean,0.0006792691620007045,0.0006809196448768613,1.654983944983741e-06,0.002436418488525502
0.004,13,covariance,0.001087487649253875,0.001090227074359259,2.7485869036590516e-06,0.002527464937689045
0.004,14,Gamma,0.0008029550999017869,0.0008054348265958402,2.645456959751771e-06,0.0032946511705017494
0.004,14,C,0.005615040496211401,0.00562826910862313,1.3951865553343973e-05,0.002484731065209169
0.004,14,mean,0.0006792691620007045,0.0006809196448768613,1.654983944983741e-06,0.002436418488525502
0.004,14,covariance,0.0008064980275468574,0.0008084287037322827,1.9356361521220935e-06,0.002400050695734198
0.004,15,Gamma,0.0008029550999017869,0.0008054348265958402,2.645456959751771e-06,0.0032946511705017494
0.004,15,C,0.005615040496210565,0.00562826910862313,1.3951865554039265e-05,0.0024847310653333655
0.004,15,mean,0.0006792691619957387,0.0006809196448768613,1.65498394957517e-06,0.00243641849530268
0.004,15,covariance,0.0011198444748317675,0.0011226513355492098,2.815889459350579e-06,0.0025145361901915938
