new,previous,datum,stratum,parameter,point_width_difference,lower,upper
A_CN,A0_CN,25,representative,u,-0.0020323833496951327,-2.0,2.0
A_CN,A0_CN,25,representative,log10_Agw,-0.059093819190953245,-2.0,2.0
A_CN,A0_CN,25,representative,gamma_gw,-0.024417556781313743,-2.0,2.0
A_CN,A0_CN,25,representative,log10_Ar,-0.07318902325817411,-2.0,2.0
A_CN,A0_CN,25,representative,log10_EFAC,-0.06873113247200136,-2.0,2.0
A_CN,A0_CN,26,representative,u,-0.013594853858974743,-2.0,2.0
A_CN,A0_CN,26,representative,log10_Agw,-0.13427749404948497,-2.0,2.0
A_CN,A0_CN,26,representative,gamma_gw,-0.01106483107496059,-2.0,2.0
A_CN,A0_CN,26,representative,log10_Ar,-0.0779905387150186,-2.0,2.0
A_CN,A0_CN,26,representative,log10_EFAC,-0.09323171739927882,-2.0,2.0
A_CN,A0_CN,30,stress,u,-0.06547754050343824,-2.0,2.0
A_CN,A0_CN,30,stress,log10_Agw,0.0036490712919805546,-2.0,2.0
A_CN,A0_CN,30,stress,gamma_gw,0.0006555740675468491,-2.0,2.0
A_CN,A0_CN,30,stress,log10_Ar,0.014487225097743361,-2.0,2.0
A_CN,A0_CN,30,stress,log10_EFAC,-0.0816648128260401,-2.0,2.0
A_CN,A0_CN,44,representative,u,-0.0036617604432053197,-2.0,2.0
A_CN,A0_CN,44,representative,log10_Agw,0.10880654006723467,-2.0,2.0
A_CN,A0_CN,44,representative,gamma_gw,-0.016158518755395868,-2.0,2.0
A_CN,A0_CN,44,representative,log10_Ar,0.029718251267665252,-2.0,2.0
A_CN,A0_CN,44,representative,log10_EFAC,-0.04896483278208741,-2.0,2.0
A_CN,A0_CN,48,representative,u,-0.0010248357212326864,-2.0,2.0
A_CN,A0_CN,48,representative,log10_Agw,-0.02973143727483074,-2.0,2.0
A_CN,A0_CN,48,representative,gamma_gw,-0.036404695818025634,-2.0,2.0
A_CN,A0_CN,48,representative,log10_Ar,-0.06009990414508737,-2.0,2.0
A_CN,A0_CN,48,representative,log10_EFAC,-0.07114852156737639,-2.0,2.0
A_CN,A0_CN,102,representative,u,0.004695900149520815,-2.0,2.0
A_CN,A0_CN,102,representative,log10_Agw,-0.05662582322182319,-2.0,2.0
A_CN,A0_CN,102,representative,gamma_gw,0.010816482171904562,-2.0,2.0
A_CN,A0_CN,102,representative,log10_Ar,-0.425967073348515,-2.0,2.0
A_CN,A0_CN,102,representative,log10_EFAC,-0.11149192766309707,-2.0,2.0
A_CN,A0_CN,138,stress,u,0.000622399809670271,-2.0,2.0
A_CN,A0_CN,138,stress,log10_Agw,-0.010106638849671001,-2.0,2.0
A_CN,A0_CN,138,stress,gamma_gw,-0.04556943793332824,-2.0,2.0
A_CN,A0_CN,138,stress,log10_Ar,-0.0007450862024945826,-2.0,2.0
A_CN,A0_CN,138,stress,log10_EFAC,-0.10516117300846939,-2.0,2.0
A_CN,A0_CN,142,representative,u,-0.00023313728213769647,-2.0,2.0
A_CN,A0_CN,142,representative,log10_Agw,-0.04354806628955915,-2.0,2.0
A_CN,A0_CN,142,representative,gamma_gw,-0.007161661824533483,-2.0,2.0
A_CN,A0_CN,142,representative,log10_Ar,-0.059841864264122746,-2.0,2.0
A_CN,A0_CN,142,representative,log10_EFAC,-0.07715425625776695,-2.0,2.0
A_CN,A0_CN,157,representative,u,-0.03665862276669474,-2.0,2.0
A_CN,A0_CN,157,representative,log10_Agw,-0.11535293172051658,-2.0,2.0
A_CN,A0_CN,157,representative,gamma_gw,-0.32081552223826204,-2.0,2.0
A_CN,A0_CN,157,representative,log10_Ar,0.04466880175575394,-2.0,2.0
A_CN,A0_CN,157,representative,log10_EFAC,-0.07924924506103076,-2.0,2.0
A_CN,A0_CN,184,stress,u,0.0013358062769381895,-2.0,2.0
A_CN,A0_CN,184,stress,log10_Agw,-0.0440710194491194,-2.0,2.0
A_CN,A0_CN,184,stress,gamma_gw,-0.026674599433904933,-2.0,2.0
A_CN,A0_CN,184,stress,log10_Ar,0.001577731016678019,-2.0,2.0
A_CN,A0_CN,184,stress,log10_EFAC,-0.0694654713813379,-2.0,2.0
A_CN,A0_CN,189,representative,u,-0.003955337573208206,-2.0,2.0
A_CN,A0_CN,189,representative,log10_Agw,0.21543971998624317,-2.0,2.0
A_CN,A0_CN,189,representative,gamma_gw,-0.020808522929000817,-2.0,2.0
A_CN,A0_CN,189,representative,log10_Ar,0.038441899717720274,-2.0,2.0
A_CN,A0_CN,189,representative,log10_EFAC,-0.0312990405276215,-2.0,2.0
A_CN,A0_CN,191,representative,u,-0.0001950899209312018,-2.0,2.0
A_CN,A0_CN,191,representative,log10_Agw,0.021186708318175818,-2.0,2.0
A_CN,A0_CN,191,representative,gamma_gw,-0.012038924126544281,-2.0,2.0
A_CN,A0_CN,191,representative,log10_Ar,0.032186443986342295,-2.0,2.0
A_CN,A0_CN,191,representative,log10_EFAC,-0.06415316258620418,-2.0,2.0
A_CN,A0_CN,197,representative,u,0.0012817200644212878,-2.0,2.0
A_CN,A0_CN,197,representative,log10_Agw,0.010334838407024094,-2.0,2.0
A_CN,A0_CN,197,representative,gamma_gw,0.03224271702623316,-2.0,2.0
A_CN,A0_CN,197,representative,log10_Ar,0.01174496446855594,-2.0,2.0
A_CN,A0_CN,197,representative,log10_EFAC,-0.0416590286450163,-2.0,2.0
A_CN,A0_CN,249,representative,u,0.0005911079681274467,-2.0,2.0
A_CN,A0_CN,249,representative,log10_Agw,0.017427867891488924,-2.0,2.0
A_CN,A0_CN,249,representative,gamma_gw,0.0015547933195644292,-2.0,2.0
A_CN,A0_CN,249,representative,log10_Ar,0.0027343118559286506,-2.0,2.0
A_CN,A0_CN,249,representative,log10_EFAC,-0.0646233344143676,-2.0,2.0
A_CN,A0_CN,272,representative,u,-0.0017677149508132928,-2.0,2.0
A_CN,A0_CN,272,representative,log10_Agw,0.0806482756845055,-2.0,2.0
A_CN,A0_CN,272,representative,gamma_gw,0.012650311267706993,-2.0,2.0
A_CN,A0_CN,272,representative,log10_Ar,0.0017078111739983193,-2.0,2.0
A_CN,A0_CN,272,representative,log10_EFAC,-0.05554854846124213,-2.0,2.0
A_CN,A0_CN,285,representative,u,-0.001296578344434085,-2.0,2.0
A_CN,A0_CN,285,representative,log10_Agw,-0.0549111227809953,-2.0,2.0
A_CN,A0_CN,285,representative,gamma_gw,0.0031209862185900272,-2.0,2.0
A_CN,A0_CN,285,representative,log10_Ar,-0.049911158593670124,-2.0,2.0
A_CN,A0_CN,285,representative,log10_EFAC,-0.039654154798793306,-2.0,2.0
A_CN,A0_CN,313,representative,u,-0.0005273533752517823,-2.0,2.0
A_CN,A0_CN,313,representative,log10_Agw,0.047900228400662215,-2.0,2.0
A_CN,A0_CN,313,representative,gamma_gw,0.006675784975146315,-2.0,2.0
A_CN,A0_CN,313,representative,log10_Ar,-0.004855780142703603,-2.0,2.0
A_CN,A0_CN,313,representative,log10_EFAC,-0.06229057531574106,-2.0,2.0
A_CN,A0_CN,327,representative,u,-0.012853654418756855,-2.0,2.0
A_CN,A0_CN,327,representative,log10_Agw,-0.02855553812554712,-2.0,2.0
A_CN,A0_CN,327,representative,gamma_gw,-0.11559478868273876,-2.0,2.0
A_CN,A0_CN,327,representative,log10_Ar,0.06355095245377118,-2.0,2.0
A_CN,A0_CN,327,representative,log10_EFAC,-0.11900564670993713,-2.0,2.0
A_CN,A0_CN,333,stress,u,0.008687869072581789,-2.0,2.0
A_CN,A0_CN,333,stress,log10_Agw,0.004957722668983089,-2.0,2.0
A_CN,A0_CN,333,stress,gamma_gw,0.0031350622329163746,-2.0,2.0
A_CN,A0_CN,333,stress,log10_Ar,0.010362361766308004,-2.0,2.0
A_CN,A0_CN,333,stress,log10_EFAC,-0.0611534367005353,-2.0,2.0
A_CN,A0_CN,346,representative,u,0.001240689358559588,-2.0,2.0
A_CN,A0_CN,346,representative,log10_Agw,-0.049367886698078456,-2.0,2.0
A_CN,A0_CN,346,representative,gamma_gw,-0.011940366119703394,-2.0,2.0
A_CN,A0_CN,346,representative,log10_Ar,-0.04867681613444774,-2.0,2.0
A_CN,A0_CN,346,representative,log10_EFAC,-0.08030768796434218,-2.0,2.0
A_CN,A0_CN,355,representative,u,0.037829831791135526,-2.0,2.0
A_CN,A0_CN,355,representative,log10_Agw,-0.019980287375780448,-2.0,2.0
A_CN,A0_CN,355,representative,gamma_gw,-0.04993337595613212,-2.0,2.0
A_CN,A0_CN,355,representative,log10_Ar,0.02681171308015451,-2.0,2.0
A_CN,A0_CN,355,representative,log10_EFAC,-0.06759371594537048,-2.0,2.0
A_CN,A0_CN,359,stress,u,-0.018943657799203373,-2.0,2.0
A_CN,A0_CN,359,stress,log10_Agw,0.08420847446160418,-2.0,2.0
A_CN,A0_CN,359,stress,gamma_gw,0.09940606931998142,-2.0,2.0
A_CN,A0_CN,359,stress,log10_Ar,-0.021756703394783417,-2.0,2.0
A_CN,A0_CN,359,stress,log10_EFAC,-0.11361633306380137,-2.0,2.0
A_CN,A0_CN,380,representative,u,-0.0022419099021279143,-2.0,2.0
A_CN,A0_CN,380,representative,log10_Agw,0.04606895363879138,-2.0,2.0
A_CN,A0_CN,380,representative,gamma_gw,-0.013684808927832748,-2.0,2.0
A_CN,A0_CN,380,representative,log10_Ar,0.012755570352684154,-2.0,2.0
A_CN,A0_CN,380,representative,log10_EFAC,-0.05599646653406776,-2.0,2.0
A_CN,A0_CN,409,representative,u,0.0004651265811260741,-2.0,2.0
A_CN,A0_CN,409,representative,log10_Agw,0.04980232377040289,-2.0,2.0
A_CN,A0_CN,409,representative,gamma_gw,0.015519210705674524,-2.0,2.0
A_CN,A0_CN,409,representative,log10_Ar,0.0032485768504961765,-2.0,2.0
A_CN,A0_CN,409,representative,log10_EFAC,-0.06025217474060052,-2.0,2.0
A_CN,A0_CN,424,stress,u,-0.013762484658399243,-2.0,2.0
A_CN,A0_CN,424,stress,log10_Agw,-0.06185046617083789,-2.0,2.0
A_CN,A0_CN,424,stress,gamma_gw,-0.18610683980342435,-2.0,2.0
A_CN,A0_CN,424,stress,log10_Ar,-0.005396964089563694,-2.0,2.0
A_CN,A0_CN,424,stress,log10_EFAC,-0.13076947549959006,-2.0,2.0
A_CN,A0_CN,446,representative,u,0.0017197450784414148,-2.0,2.0
A_CN,A0_CN,446,representative,log10_Agw,-0.026550464276714147,-2.0,2.0
A_CN,A0_CN,446,representative,gamma_gw,-0.0007860322959598598,-2.0,2.0
A_CN,A0_CN,446,representative,log10_Ar,-0.023839656885202287,-2.0,2.0
A_CN,A0_CN,446,representative,log10_EFAC,-0.07256865272649948,-2.0,2.0
A_CN,A0_CN,453,stress,u,-0.0060688046022382425,-2.0,2.0
A_CN,A0_CN,453,stress,log10_Agw,-0.046506297617420755,-2.0,2.0
A_CN,A0_CN,453,stress,gamma_gw,-0.13596430223039735,-2.0,2.0
A_CN,A0_CN,453,stress,log10_Ar,-0.05680599412190512,-2.0,2.0
A_CN,A0_CN,453,stress,log10_EFAC,-0.0762044046360448,-2.0,2.0
A_CN,A0_CN,458,stress,u,-0.0017963497295686581,-2.0,2.0
A_CN,A0_CN,458,stress,log10_Agw,-0.1051992009962035,-2.0,2.0
A_CN,A0_CN,458,stress,gamma_gw,-0.011510591749615773,-2.0,2.0
A_CN,A0_CN,458,stress,log10_Ar,0.015547349930141063,-2.0,2.0
A_CN,A0_CN,458,stress,log10_EFAC,-0.07542274459309839,-2.0,2.0
A_CN,A0_CN,461,representative,u,-0.03120259815221682,-2.0,2.0
A_CN,A0_CN,461,representative,log10_Agw,-0.06844011220545498,-2.0,2.0
A_CN,A0_CN,461,representative,gamma_gw,-0.16227220772452888,-2.0,2.0
A_CN,A0_CN,461,representative,log10_Ar,0.029843877966044707,-2.0,2.0
A_CN,A0_CN,461,representative,log10_EFAC,-0.16106443773944107,-2.0,2.0
A_CN,A0_CN,463,representative,u,-0.001240350682611524,-2.0,2.0
A_CN,A0_CN,463,representative,log10_Agw,0.025873961402248735,-2.0,2.0
A_CN,A0_CN,463,representative,gamma_gw,-0.0010052520951042698,-2.0,2.0
A_CN,A0_CN,463,representative,log10_Ar,-0.04483026274413204,-2.0,2.0
A_CN,A0_CN,463,representative,log10_EFAC,-0.057314844471527016,-2.0,2.0
A_CN,A0_CN,479,representative,u,-0.028837530867000027,-2.0,2.0
A_CN,A0_CN,479,representative,log10_Agw,0.10189983502461497,-2.0,2.0
A_CN,A0_CN,479,representative,gamma_gw,0.15438600089974464,-2.0,2.0
A_CN,A0_CN,479,representative,log10_Ar,-0.05516504101112929,-2.0,2.0
A_CN,A0_CN,479,representative,log10_EFAC,-0.09186820016634267,-2.0,2.0
A_CN,A0_CN,489,representative,u,-0.0210423655490235,-1.888455512384478,0.15154448761552197
A_CN,A0_CN,489,representative,log10_Agw,-0.09898705588014,-1.2300766774632446,0.7999233225367556
A_CN,A0_CN,489,representative,gamma_gw,-0.2651038403746838,-1.6998498286994121,0.3801501713005879
A_CN,A0_CN,489,representative,log10_Ar,-0.053877714813725164,-1.87082838609998,0.16117161390002
A_CN,A0_CN,489,representative,log10_EFAC,-0.14742388353338273,-1.3309713840138098,0.6960286159861903
B_CN,A_CN,25,representative,u,0.00046192854456017507,-2.0,2.0
B_CN,A_CN,25,representative,log10_Agw,0.3757170777605793,-2.0,2.0
B_CN,A_CN,25,representative,gamma_gw,0.03874997321778406,-2.0,2.0
B_CN,A_CN,25,representative,log10_Ar,0.2746816800895657,-2.0,2.0
B_CN,A_CN,25,representative,log10_EFAC,0.3876519373670352,-2.0,2.0
B_CN,A_CN,26,representative,u,0.015905958670957565,-2.0,2.0
B_CN,A_CN,26,representative,log10_Agw,0.21260513254463076,-2.0,2.0
B_CN,A_CN,26,representative,gamma_gw,0.017407522358970473,-2.0,2.0
B_CN,A_CN,26,representative,log10_Ar,0.11059847320968275,-2.0,2.0
B_CN,A_CN,26,representative,log10_EFAC,0.10676682895460277,-2.0,2.0
B_CN,A_CN,30,stress,u,0.12465221627570222,-2.0,2.0
B_CN,A_CN,30,stress,log10_Agw,0.08446814250239187,-2.0,2.0
B_CN,A_CN,30,stress,gamma_gw,0.2698997061268883,-2.0,2.0
B_CN,A_CN,30,stress,log10_Ar,-0.003822090591896199,-2.0,2.0
B_CN,A_CN,30,stress,log10_EFAC,0.48416947013341344,-2.0,2.0
B_CN,A_CN,44,representative,u,0.0005689905567046738,-2.0,2.0
B_CN,A_CN,44,representative,log10_Agw,-0.17223272561693914,-2.0,2.0
B_CN,A_CN,44,representative,gamma_gw,0.022427145861443232,-2.0,2.0
B_CN,A_CN,44,representative,log10_Ar,0.06219593043631677,-2.0,2.0
B_CN,A_CN,44,representative,log10_EFAC,-0.0103559956876349,-2.0,2.0
B_CN,A_CN,48,representative,u,0.00036546405317150477,-2.0,2.0
B_CN,A_CN,48,representative,log10_Agw,0.09868358204583111,-2.0,2.0
B_CN,A_CN,48,representative,gamma_gw,0.061064228988893965,-2.0,2.0
B_CN,A_CN,48,representative,log10_Ar,0.14191362591108037,-2.0,2.0
B_CN,A_CN,48,representative,log10_EFAC,0.06560809689488312,-2.0,2.0
B_CN,A_CN,102,representative,u,-0.003730588089261744,-2.0,2.0
B_CN,A_CN,102,representative,log10_Agw,0.07197531901525134,-2.0,2.0
B_CN,A_CN,102,representative,gamma_gw,-0.005413090231933038,-2.0,2.0
B_CN,A_CN,102,representative,log10_Ar,0.5351825338993585,-2.0,2.0
B_CN,A_CN,102,representative,log10_EFAC,0.09378893861937376,-2.0,2.0
B_CN,A_CN,138,stress,u,0.0011904924531994654,-2.0,2.0
B_CN,A_CN,138,stress,log10_Agw,0.08597110350757109,-2.0,2.0
B_CN,A_CN,138,stress,gamma_gw,0.16718193157604033,-2.0,2.0
B_CN,A_CN,138,stress,log10_Ar,-0.00896885918315693,-2.0,2.0
B_CN,A_CN,138,stress,log10_EFAC,0.3743060732214776,-2.0,2.0
B_CN,A_CN,142,representative,u,0.003024890991335183,-2.0,2.0
B_CN,A_CN,142,representative,log10_Agw,0.15397611335016675,-2.0,2.0
B_CN,A_CN,142,representative,gamma_gw,0.009513474597043547,-2.0,2.0
B_CN,A_CN,142,representative,log10_Ar,0.2547734726363905,-2.0,2.0
B_CN,A_CN,142,representative,log10_EFAC,0.17240268604157005,-2.0,2.0
B_CN,A_CN,157,representative,u,0.05717966420692211,-2.0,2.0
B_CN,A_CN,157,representative,log10_Agw,0.3558410446362752,-2.0,2.0
B_CN,A_CN,157,representative,gamma_gw,0.34791321525630414,-2.0,2.0
B_CN,A_CN,157,representative,log10_Ar,0.12539602298802732,-2.0,2.0
B_CN,A_CN,157,representative,log10_EFAC,0.12473426748299649,-2.0,2.0
B_CN,A_CN,184,stress,u,0.00045677863905646543,-2.0,2.0
B_CN,A_CN,184,stress,log10_Agw,0.13565786264908408,-2.0,2.0
B_CN,A_CN,184,stress,gamma_gw,0.03618890215578885,-2.0,2.0
B_CN,A_CN,184,stress,log10_Ar,0.2265044600851024,-2.0,2.0
B_CN,A_CN,184,stress,log10_EFAC,0.08822211849034783,-2.0,2.0
B_CN,A_CN,189,representative,u,0.000708714716753156,-2.0,2.0
B_CN,A_CN,189,representative,log10_Agw,-0.003701889555699389,-2.0,2.0
B_CN,A_CN,189,representative,gamma_gw,0.036263209526531504,-2.0,2.0
B_CN,A_CN,189,representative,log10_Ar,0.05892652459505732,-2.0,2.0
B_CN,A_CN,189,representative,log10_EFAC,0.06943425421232607,-2.0,2.0
B_CN,A_CN,191,representative,u,-0.0005529343752720406,-2.0,2.0
B_CN,A_CN,191,representative,log10_Agw,0.12482789276779072,-2.0,2.0
B_CN,A_CN,191,representative,gamma_gw,0.021052954293731996,-2.0,2.0
B_CN,A_CN,191,representative,log10_Ar,0.14849016617721145,-2.0,2.0
B_CN,A_CN,191,representative,log10_EFAC,0.08328738934634061,-2.0,2.0
B_CN,A_CN,197,representative,u,0.005346114304141558,-2.0,2.0
B_CN,A_CN,197,representative,log10_Agw,0.14859633124021931,-2.0,2.0
B_CN,A_CN,197,representative,gamma_gw,0.1347467397390789,-2.0,2.0
B_CN,A_CN,197,representative,log10_Ar,0.17926388487623257,-2.0,2.0
B_CN,A_CN,197,representative,log10_EFAC,0.04525709525019344,-2.0,2.0
B_CN,A_CN,249,representative,u,0.0020179094034095124,-2.0,2.0
B_CN,A_CN,249,representative,log10_Agw,0.09684610751130357,-2.0,2.0
B_CN,A_CN,249,representative,gamma_gw,0.029243769786538865,-2.0,2.0
B_CN,A_CN,249,representative,log10_Ar,0.1530613964691625,-2.0,2.0
B_CN,A_CN,249,representative,log10_EFAC,0.06128374046250981,-2.0,2.0
B_CN,A_CN,272,representative,u,0.0007463482870655458,-2.0,2.0
B_CN,A_CN,272,representative,log10_Agw,0.0503615181219047,-2.0,2.0
B_CN,A_CN,272,representative,gamma_gw,0.0002572151758979402,-2.0,2.0
B_CN,A_CN,272,representative,log10_Ar,0.12264503439953511,-2.0,2.0
B_CN,A_CN,272,representative,log10_EFAC,0.06489921604075033,-2.0,2.0
B_CN,A_CN,285,representative,u,0.005841952820342389,-2.0,2.0
B_CN,A_CN,285,representative,log10_Agw,0.1591111891810647,-2.0,2.0
B_CN,A_CN,285,representative,gamma_gw,-0.0010693608520973008,-2.0,2.0
B_CN,A_CN,285,representative,log10_Ar,0.05353343800168231,-2.0,2.0
B_CN,A_CN,285,representative,log10_EFAC,0.04513503161864996,-2.0,2.0
B_CN,A_CN,313,representative,u,0.00036102590763620324,-2.0,2.0
B_CN,A_CN,313,representative,log10_Agw,0.11591439793485303,-2.0,2.0
B_CN,A_CN,313,representative,gamma_gw,0.006886297103251837,-2.0,2.0
B_CN,A_CN,313,representative,log10_Ar,0.18250917821054902,-2.0,2.0
B_CN,A_CN,313,representative,log10_EFAC,0.1258664094330531,-2.0,2.0
B_CN,A_CN,327,representative,u,0.0020705978340146425,-2.0,2.0
B_CN,A_CN,327,representative,log10_Agw,0.09936565555720012,-2.0,2.0
B_CN,A_CN,327,representative,gamma_gw,0.2288717024919179,-2.0,2.0
B_CN,A_CN,327,representative,log10_Ar,-0.026620429416031044,-2.0,2.0
B_CN,A_CN,327,representative,log10_EFAC,0.3308792765931612,-2.0,2.0
B_CN,A_CN,333,stress,u,-0.0009694808837015234,-2.0,2.0
B_CN,A_CN,333,stress,log10_Agw,0.027286574728364377,-2.0,2.0
B_CN,A_CN,333,stress,gamma_gw,0.10904235255875927,-2.0,2.0
B_CN,A_CN,333,stress,log10_Ar,0.011108082134096975,-2.0,2.0
B_CN,A_CN,333,stress,log10_EFAC,0.22281839957033933,-2.0,2.0
B_CN,A_CN,346,representative,u,0.001645465554397263,-2.0,2.0
B_CN,A_CN,346,representative,log10_Agw,0.11122634085296046,-2.0,2.0
B_CN,A_CN,346,representative,gamma_gw,0.01050833034094889,-2.0,2.0
B_CN,A_CN,346,representative,log10_Ar,0.16697087843342318,-2.0,2.0
B_CN,A_CN,346,representative,log10_EFAC,0.07221525337238222,-2.0,2.0
B_CN,A_CN,355,representative,u,0.005303287382149802,-2.0,2.0
B_CN,A_CN,355,representative,log10_Agw,0.18598436485878755,-2.0,2.0
B_CN,A_CN,355,representative,gamma_gw,0.3282212436265869,-2.0,2.0
B_CN,A_CN,355,representative,log10_Ar,0.1271580561614566,-2.0,2.0
B_CN,A_CN,355,representative,log10_EFAC,0.09918756905494286,-2.0,2.0
B_CN,A_CN,359,stress,u,0.04406135732292715,-2.0,2.0
B_CN,A_CN,359,stress,log10_Agw,0.4528927876525407,-2.0,2.0
B_CN,A_CN,359,stress,gamma_gw,0.13914266222721594,-2.0,2.0
B_CN,A_CN,359,stress,log10_Ar,0.058452094504577334,-2.0,2.0
B_CN,A_CN,359,stress,log10_EFAC,0.18809545698723174,-2.0,2.0
B_CN,A_CN,380,representative,u,0.0013166428496949045,-2.0,2.0
B_CN,A_CN,380,representative,log10_Agw,0.008500855250405226,-2.0,2.0
B_CN,A_CN,380,representative,gamma_gw,0.014946644434151835,-2.0,2.0
B_CN,A_CN,380,representative,log10_Ar,0.10136568237617649,-2.0,2.0
B_CN,A_CN,380,representative,log10_EFAC,0.1546736834697114,-2.0,2.0
B_CN,A_CN,409,representative,u,0.0020234855540270935,-2.0,2.0
B_CN,A_CN,409,representative,log10_Agw,0.13635131003911372,-2.0,2.0
B_CN,A_CN,409,representative,gamma_gw,0.018028751484141514,-2.0,2.0
B_CN,A_CN,409,representative,log10_Ar,0.21737781947077717,-2.0,2.0
B_CN,A_CN,409,representative,log10_EFAC,0.0864566173401623,-2.0,2.0
B_CN,A_CN,424,stress,u,0.019778130072178213,-2.0,2.0
B_CN,A_CN,424,stress,log10_Agw,0.18235493973829353,-2.0,2.0
B_CN,A_CN,424,stress,gamma_gw,0.3803240978392648,-2.0,2.0
B_CN,A_CN,424,stress,log10_Ar,0.03903364433835943,-2.0,2.0
B_CN,A_CN,424,stress,log10_EFAC,0.37064247062016653,-2.0,2.0
B_CN,A_CN,446,representative,u,-0.004629508884664513,-2.0,2.0
B_CN,A_CN,446,representative,log10_Agw,0.04723719418860395,-2.0,2.0
B_CN,A_CN,446,representative,gamma_gw,0.00014249540875688194,-2.0,2.0
B_CN,A_CN,446,representative,log10_Ar,0.24311386336142926,-2.0,2.0
B_CN,A_CN,446,representative,log10_EFAC,0.057257519321661454,-2.0,2.0
B_CN,A_CN,453,stress,u,-0.02727227028366086,-0.16363890126171,1.87836109873829
B_CN,A_CN,453,stress,log10_Agw,0.17046702789810775,-0.6853222626660415,1.3386777373339585
B_CN,A_CN,453,stress,gamma_gw,0.549028959206425,-0.1316878079192415,1.9163121920807584
B_CN,A_CN,453,stress,log10_Ar,0.039937307707247904,-0.2232533971781573,1.8167466028218429
B_CN,A_CN,453,stress,log10_EFAC,0.15570932186085104,-0.7557422476477786,1.2627577523522213
B_CN,A_CN,458,stress,u,0.002863592623397526,-2.0,2.0
B_CN,A_CN,458,stress,log10_Agw,0.13633805269340682,-2.0,2.0
B_CN,A_CN,458,stress,gamma_gw,0.00658668413901764,-2.0,2.0
B_CN,A_CN,458,stress,log10_Ar,0.07974307220680799,-2.0,2.0
B_CN,A_CN,458,stress,log10_EFAC,0.07712875189044,-2.0,2.0
B_CN,A_CN,461,representative,u,0.05163993525592536,-2.0,2.0
B_CN,A_CN,461,representative,log10_Agw,0.15268919009015958,-2.0,2.0
B_CN,A_CN,461,representative,gamma_gw,0.2346752052472234,-2.0,2.0
B_CN,A_CN,461,representative,log10_Ar,-0.0019605965541947823,-2.0,2.0
B_CN,A_CN,461,representative,log10_EFAC,0.39380783911801925,-2.0,2.0
B_CN,A_CN,463,representative,u,0.004520288813011808,-2.0,2.0
B_CN,A_CN,463,representative,log10_Agw,-0.053598865276992536,-2.0,2.0
B_CN,A_CN,463,representative,gamma_gw,0.0049190983390328125,-2.0,2.0
B_CN,A_CN,463,representative,log10_Ar,0.10504162015184781,-2.0,2.0
B_CN,A_CN,463,representative,log10_EFAC,0.03824196906635213,-2.0,2.0
B_CN,A_CN,479,representative,u,0.04196612936310373,-2.0,2.0
B_CN,A_CN,479,representative,log10_Agw,0.018213251953219434,-2.0,2.0
B_CN,A_CN,479,representative,gamma_gw,0.10255311173221138,-2.0,2.0
B_CN,A_CN,479,representative,log10_Ar,0.07856374716561942,-2.0,2.0
B_CN,A_CN,479,representative,log10_EFAC,0.11847668405920525,-2.0,2.0
B_CN,A_CN,489,representative,u,0.017603837198766237,-2.0,2.0
B_CN,A_CN,489,representative,log10_Agw,0.1943723028355726,-2.0,2.0
B_CN,A_CN,489,representative,gamma_gw,0.4487236408928602,-2.0,2.0
B_CN,A_CN,489,representative,log10_Ar,0.027765656807220984,-2.0,2.0
B_CN,A_CN,489,representative,log10_EFAC,0.18658246338260567,-2.0,2.0
B_G,A_G,25,representative,u,0.0005392513207098659,-2.0,2.0
B_G,A_G,25,representative,log10_Agw,0.11115510466933631,-2.0,2.0
B_G,A_G,25,representative,gamma_gw,-0.001349878359209855,-2.0,2.0
B_G,A_G,25,representative,log10_Ar,0.1492919001692481,-2.0,2.0
B_G,A_G,25,representative,log10_EFAC,0.07605965613193433,-2.0,2.0
B_G,A_G,26,representative,u,0.018719882934457366,-2.0,2.0
B_G,A_G,26,representative,log10_Agw,0.08092199964950908,-2.0,2.0
B_G,A_G,26,representative,gamma_gw,0.00589532984591179,-2.0,2.0
B_G,A_G,26,representative,log10_Ar,0.10251758292919155,-2.0,2.0
B_G,A_G,26,representative,log10_EFAC,0.1944353797603542,-2.0,2.0
B_G,A_G,30,stress,u,0.05833497854205605,-1.8310605727343212,0.21293942726567872
B_G,A_G,30,stress,log10_Agw,0.07938206325408592,-1.163153754520648,0.856846245479352
B_G,A_G,30,stress,gamma_gw,0.1808359647888529,-1.4920510302274885,0.5479489697725114
B_G,A_G,30,stress,log10_Ar,-0.012524412837000898,-1.9211959205584885,0.10680407944151138
B_G,A_G,30,stress,log10_EFAC,0.41673911641915934,-1.2671927439991304,0.7528072560008696
B_G,A_G,44,representative,u,0.006906209523992013,-2.0,2.0
B_G,A_G,44,representative,log10_Agw,-0.18493278886556597,-2.0,2.0
B_G,A_G,44,representative,gamma_gw,0.0066357647987497215,-2.0,2.0
B_G,A_G,44,representative,log10_Ar,0.012999834825420886,-2.0,2.0
B_G,A_G,44,representative,log10_EFAC,0.0047655419957242096,-2.0,2.0
B_G,A_G,48,representative,u,0.0009443110392461929,-2.0,2.0
B_G,A_G,48,representative,log10_Agw,0.06038647338512687,-2.0,2.0
B_G,A_G,48,representative,gamma_gw,0.004771505980106006,-2.0,2.0
B_G,A_G,48,representative,log10_Ar,0.12295263503370768,-2.0,2.0
B_G,A_G,48,representative,log10_EFAC,0.03010444022579771,-2.0,2.0
B_G,A_G,102,representative,u,0.013142777126139205,-2.0,2.0
B_G,A_G,102,representative,log10_Agw,0.0782972027777793,-2.0,2.0
B_G,A_G,102,representative,gamma_gw,0.02918474287720252,-2.0,2.0
B_G,A_G,102,representative,log10_Ar,0.02365038259774921,-2.0,2.0
B_G,A_G,102,representative,log10_EFAC,0.21822462674858012,-2.0,2.0
B_G,A_G,138,stress,u,-0.005912023043672887,-1.9212108984358602,0.10678910156413968
B_G,A_G,138,stress,log10_Agw,0.0912445628764248,-1.273942319665263,0.746057680334737
B_G,A_G,138,stress,gamma_gw,0.1203192671795209,-1.781289047094893,0.28271095290510695
B_G,A_G,138,stress,log10_Ar,0.003768670422851228,-1.9372032038830072,0.08979679611699276
B_G,A_G,138,stress,log10_EFAC,0.09160044235155418,-1.184502782876022,0.8354972171239782
B_G,A_G,142,representative,u,0.0018217573636770679,-2.0,2.0
B_G,A_G,142,representative,log10_Agw,0.1798181806496919,-2.0,2.0
B_G,A_G,142,representative,gamma_gw,-0.003940249776300364,-2.0,2.0
B_G,A_G,142,representative,log10_Ar,0.20578733476292865,-2.0,2.0
B_G,A_G,142,representative,log10_EFAC,0.2319572701320879,-2.0,2.0
B_G,A_G,157,representative,u,-0.0012727386697354293,-2.0,2.0
B_G,A_G,157,representative,log10_Agw,0.07702782349274195,-2.0,2.0
B_G,A_G,157,representative,gamma_gw,-0.0008654588659803286,-2.0,2.0
B_G,A_G,157,representative,log10_Ar,0.19440596299885748,-2.0,2.0
B_G,A_G,157,representative,log10_EFAC,0.11642988220655531,-2.0,2.0
B_G,A_G,184,stress,u,0.0007744012671350164,-2.0,2.0
B_G,A_G,184,stress,log10_Agw,0.10344204807771246,-2.0,2.0
B_G,A_G,184,stress,gamma_gw,0.012994247341667431,-2.0,2.0
B_G,A_G,184,stress,log10_Ar,0.1859225928513536,-2.0,2.0
B_G,A_G,184,stress,log10_EFAC,0.07036025375159655,-2.0,2.0
B_G,A_G,189,representative,u,-0.0019213639047735986,-2.0,2.0
B_G,A_G,189,representative,log10_Agw,0.037562392140259915,-2.0,2.0
B_G,A_G,189,representative,gamma_gw,0.005361029287532015,-2.0,2.0
B_G,A_G,189,representative,log10_Ar,0.08367195197972466,-2.0,2.0
B_G,A_G,189,representative,log10_EFAC,0.08624381738391715,-2.0,2.0
B_G,A_G,191,representative,u,-0.0018976844133915538,-2.0,2.0
B_G,A_G,191,representative,log10_Agw,0.1001090021328811,-2.0,2.0
B_G,A_G,191,representative,gamma_gw,0.00305239469779528,-2.0,2.0
B_G,A_G,191,representative,log10_Ar,0.15459839028207578,-2.0,2.0
B_G,A_G,191,representative,log10_EFAC,0.09482678228721941,-2.0,2.0
B_G,A_G,197,representative,u,0.004058664471640272,-2.0,2.0
B_G,A_G,197,representative,log10_Agw,0.13005052873986916,-2.0,2.0
B_G,A_G,197,representative,gamma_gw,0.11985983229872843,-2.0,2.0
B_G,A_G,197,representative,log10_Ar,0.1626579106738854,-2.0,2.0
B_G,A_G,197,representative,log10_EFAC,0.03171932446445725,-2.0,2.0
B_G,A_G,249,representative,u,0.0020541177876359784,-2.0,2.0
B_G,A_G,249,representative,log10_Agw,0.16706143538571194,-2.0,2.0
B_G,A_G,249,representative,gamma_gw,0.060620037304898844,-2.0,2.0
B_G,A_G,249,representative,log10_Ar,0.2194316717978314,-2.0,2.0
B_G,A_G,249,representative,log10_EFAC,0.07121625705687848,-2.0,2.0
B_G,A_G,272,representative,u,-0.0027466195626494327,-2.0,2.0
B_G,A_G,272,representative,log10_Agw,0.18027374909758087,-2.0,2.0
B_G,A_G,272,representative,gamma_gw,0.005884425725954934,-2.0,2.0
B_G,A_G,272,representative,log10_Ar,0.13450030276079972,-2.0,2.0
B_G,A_G,272,representative,log10_EFAC,0.15060933575888036,-2.0,2.0
B_G,A_G,285,representative,u,0.0075493521520881846,-2.0,2.0
B_G,A_G,285,representative,log10_Agw,0.0042429122987387435,-2.0,2.0
B_G,A_G,285,representative,gamma_gw,-0.013292820928144988,-2.0,2.0
B_G,A_G,285,representative,log10_Ar,0.009671582121525635,-2.0,2.0
B_G,A_G,285,representative,log10_EFAC,0.11395321878568176,-2.0,2.0
B_G,A_G,313,representative,u,0.0004517535235387671,-2.0,2.0
B_G,A_G,313,representative,log10_Agw,0.21391795062221702,-2.0,2.0
B_G,A_G,313,representative,gamma_gw,0.019916631358001924,-2.0,2.0
B_G,A_G,313,representative,log10_Ar,0.21246061455837473,-2.0,2.0
B_G,A_G,313,representative,log10_EFAC,0.22807500942671677,-2.0,2.0
B_G,A_G,327,representative,u,0.003965494198244768,-2.0,2.0
B_G,A_G,327,representative,log10_Agw,0.11997826291608382,-2.0,2.0
B_G,A_G,327,representative,gamma_gw,0.22363896397011823,-2.0,2.0
B_G,A_G,327,representative,log10_Ar,-0.023700792356039724,-2.0,2.0
B_G,A_G,327,representative,log10_EFAC,0.31032735142804607,-2.0,2.0
B_G,A_G,333,stress,u,0.05429753424713213,-2.0,2.0
B_G,A_G,333,stress,log10_Agw,0.008803408109878674,-2.0,2.0
B_G,A_G,333,stress,gamma_gw,0.15594204213142482,-2.0,2.0
B_G,A_G,333,stress,log10_Ar,-0.0034392480667457814,-2.0,2.0
B_G,A_G,333,stress,log10_EFAC,0.10896336177782528,-2.0,2.0
B_G,A_G,346,representative,u,0.006436369100782491,-2.0,2.0
B_G,A_G,346,representative,log10_Agw,0.14438054165079228,-2.0,2.0
B_G,A_G,346,representative,gamma_gw,-0.003072132146860751,-2.0,2.0
B_G,A_G,346,representative,log10_Ar,0.12684206683391086,-2.0,2.0
B_G,A_G,346,representative,log10_EFAC,0.11287490957762564,-2.0,2.0
B_G,A_G,355,representative,u,0.0064337469140334225,-2.0,2.0
B_G,A_G,355,representative,log10_Agw,0.24272511549568243,-2.0,2.0
B_G,A_G,355,representative,gamma_gw,0.15567729657727658,-2.0,2.0
B_G,A_G,355,representative,log10_Ar,-0.0031988538797430577,-2.0,2.0
B_G,A_G,355,representative,log10_EFAC,0.19660086110436423,-2.0,2.0
B_G,A_G,359,stress,u,-0.006977272407232005,-1.8943279371605226,0.14167206283947753
B_G,A_G,359,stress,log10_Agw,0.16088853196934827,-1.1345568735350517,0.8754431264649483
B_G,A_G,359,stress,gamma_gw,0.30213821610770863,-1.5196558490976486,0.5243441509023514
B_G,A_G,359,stress,log10_Ar,0.016735268347844334,-1.9126443088738112,0.11535569112618871
B_G,A_G,359,stress,log10_EFAC,0.573346946284626,-1.2104164446933776,0.8055835553066225
B_G,A_G,380,representative,u,0.0064449725863009455,-2.0,2.0
B_G,A_G,380,representative,log10_Agw,0.10108170981354647,-2.0,2.0
B_G,A_G,380,representative,gamma_gw,0.014638402383594262,-2.0,2.0
B_G,A_G,380,representative,log10_Ar,0.06256462982854838,-2.0,2.0
B_G,A_G,380,representative,log10_EFAC,0.21734865328221803,-2.0,2.0
B_G,A_G,409,representative,u,0.0003232815967726399,-2.0,2.0
B_G,A_G,409,representative,log10_Agw,0.12272070950537883,-2.0,2.0
B_G,A_G,409,representative,gamma_gw,0.0160940075225966,-2.0,2.0
B_G,A_G,409,representative,log10_Ar,0.16915024285529168,-2.0,2.0
B_G,A_G,409,representative,log10_EFAC,0.06526903079802993,-2.0,2.0
B_G,A_G,424,stress,u,0.03766453611937215,-2.0,2.0
B_G,A_G,424,stress,log10_Agw,0.05434740888737222,-2.0,2.0
B_G,A_G,424,stress,gamma_gw,0.06339119869336474,-2.0,2.0
B_G,A_G,424,stress,log10_Ar,0.01778144407419857,-2.0,2.0
B_G,A_G,424,stress,log10_EFAC,0.6112113257995275,-2.0,2.0
B_G,A_G,446,representative,u,-0.0015467594426302744,-2.0,2.0
B_G,A_G,446,representative,log10_Agw,0.05480579526981311,-2.0,2.0
B_G,A_G,446,representative,gamma_gw,-0.0061488359972027284,-2.0,2.0
B_G,A_G,446,representative,log10_Ar,0.1111101812466434,-2.0,2.0
B_G,A_G,446,representative,log10_EFAC,0.06067247720085267,-2.0,2.0
B_G,A_G,453,stress,u,0.017087586342564687,-2.0,2.0
B_G,A_G,453,stress,log10_Agw,0.13958767440960118,-2.0,2.0
B_G,A_G,453,stress,gamma_gw,0.47406422201516996,-2.0,2.0
B_G,A_G,453,stress,log10_Ar,0.0168524673948659,-2.0,2.0
B_G,A_G,453,stress,log10_EFAC,0.2111455487986565,-2.0,2.0
B_G,A_G,458,stress,u,-0.007670710125608493,-2.0,2.0
B_G,A_G,458,stress,log10_Agw,0.09479150046659235,-2.0,2.0
B_G,A_G,458,stress,gamma_gw,0.011476236774180304,-2.0,2.0
B_G,A_G,458,stress,log10_Ar,0.049953119654340905,-2.0,2.0
B_G,A_G,458,stress,log10_EFAC,0.39788071506124967,-2.0,2.0
B_G,A_G,461,representative,u,0.0895418826508988,-2.0,2.0
B_G,A_G,461,representative,log10_Agw,0.08738901605466631,-2.0,2.0
B_G,A_G,461,representative,gamma_gw,0.2775788290213843,-2.0,2.0
B_G,A_G,461,representative,log10_Ar,0.0011211903731486172,-2.0,2.0
B_G,A_G,461,representative,log10_EFAC,0.4767089779183878,-2.0,2.0
B_G,A_G,463,representative,u,-0.0018557153646270308,-2.0,2.0
B_G,A_G,463,representative,log10_Agw,-0.08043152211855187,-2.0,2.0
B_G,A_G,463,representative,gamma_gw,-0.0006436546435247825,-2.0,2.0
B_G,A_G,463,representative,log10_Ar,0.08002357864892384,-2.0,2.0
B_G,A_G,463,representative,log10_EFAC,0.012026400709175378,-2.0,2.0
B_G,A_G,479,representative,u,0.01644976735726611,-2.0,2.0
B_G,A_G,479,representative,log10_Agw,0.12001430809416969,-2.0,2.0
B_G,A_G,479,representative,gamma_gw,0.22869906306213794,-2.0,2.0
B_G,A_G,479,representative,log10_Ar,-0.012316294284225981,-2.0,2.0
B_G,A_G,479,representative,log10_EFAC,0.24320430347492444,-2.0,2.0
B_G,A_G,489,representative,u,0.004749563336204465,-2.0,2.0
B_G,A_G,489,representative,log10_Agw,0.15454893802580894,-2.0,2.0
B_G,A_G,489,representative,gamma_gw,0.3227580433781775,-2.0,2.0
B_G,A_G,489,representative,log10_Ar,0.03631533386551444,-2.0,2.0
B_G,A_G,489,representative,log10_EFAC,0.18058017570963875,-2.0,2.0
C_beta_CN,B_CN,25,representative,u,-0.00125595334568529,-2.0,2.0
C_beta_CN,B_CN,25,representative,log10_Agw,0.010883946269008238,-2.0,2.0
C_beta_CN,B_CN,25,representative,gamma_gw,-0.0006629649172507079,-2.0,2.0
C_beta_CN,B_CN,25,representative,log10_Ar,-0.0003109164528217745,-2.0,2.0
C_beta_CN,B_CN,25,representative,log10_EFAC,0.007488199565955256,-2.0,2.0
C_beta_CN,B_CN,26,representative,u,0.0003321026571272423,-2.0,2.0
C_beta_CN,B_CN,26,representative,log10_Agw,0.01530024844272282,-2.0,2.0
C_beta_CN,B_CN,26,representative,gamma_gw,-0.0006685088049158683,-2.0,2.0
C_beta_CN,B_CN,26,representative,log10_Ar,-0.0014415941365083507,-2.0,2.0
C_beta_CN,B_CN,26,representative,log10_EFAC,-0.0006139224874021076,-2.0,2.0
C_beta_CN,B_CN,30,stress,u,-0.01684860092368412,-2.0,2.0
C_beta_CN,B_CN,30,stress,log10_Agw,0.001609174871003538,-2.0,2.0
C_beta_CN,B_CN,30,stress,gamma_gw,-0.010500035833924892,-2.0,2.0
C_beta_CN,B_CN,30,stress,log10_Ar,-0.0008256506901989091,-2.0,2.0
C_beta_CN,B_CN,30,stress,log10_EFAC,-0.00030021617424424996,-2.0,2.0
C_beta_CN,B_CN,44,representative,u,-0.00023195049310098526,-0.11346488549460887,1.9145351145053913
C_beta_CN,B_CN,44,representative,log10_Agw,0.00966735251045081,-0.30310646079831205,1.732893539201688
C_beta_CN,B_CN,44,representative,gamma_gw,-0.00098440059896987,-0.12528170952223294,1.906718290477767
C_beta_CN,B_CN,44,representative,log10_Ar,0.00011756510347626925,-0.14061589056032864,1.8873841094396715
C_beta_CN,B_CN,44,representative,log10_EFAC,0.00025089539801204097,-0.8260994997184772,1.1879005002815228
C_beta_CN,B_CN,48,representative,u,-0.0005394465956327643,-2.0,2.0
C_beta_CN,B_CN,48,representative,log10_Agw,0.011751564612682841,-2.0,2.0
C_beta_CN,B_CN,48,representative,gamma_gw,-0.0007313185003591238,-2.0,2.0
C_beta_CN,B_CN,48,representative,log10_Ar,-0.0009358312956549986,-2.0,2.0
C_beta_CN,B_CN,48,representative,log10_EFAC,-0.0006498476918711804,-2.0,2.0
C_beta_CN,B_CN,102,representative,u,-0.0013119563645620502,-2.0,2.0
C_beta_CN,B_CN,102,representative,log10_Agw,0.01144395146032029,-2.0,2.0
C_beta_CN,B_CN,102,representative,gamma_gw,-0.0014793271359482274,-2.0,2.0
C_beta_CN,B_CN,102,representative,log10_Ar,0.000140765471590254,-2.0,2.0
C_beta_CN,B_CN,102,representative,log10_EFAC,-0.0012116571701400458,-2.0,2.0
C_beta_CN,B_CN,138,stress,u,-0.000794240730729312,-0.11930910993075983,1.91269089006924
C_beta_CN,B_CN,138,stress,log10_Agw,0.00014703362606993675,-0.7420514555512621,1.277948544448738
C_beta_CN,B_CN,138,stress,gamma_gw,-0.015470572504082125,-0.26635218976558406,1.769647810234416
C_beta_CN,B_CN,138,stress,log10_Ar,0.00043080525769745304,-0.10538262666495113,1.926617373335049
C_beta_CN,B_CN,138,stress,log10_EFAC,-0.008063883654479964,-0.485467632327234,1.590532367672766
C_beta_CN,B_CN,142,representative,u,0.0003734027080740665,-0.11567422647808678,1.9203257735219132
C_beta_CN,B_CN,142,representative,log10_Agw,0.009334016038960113,-0.3845231876136991,1.655476812386301
C_beta_CN,B_CN,142,representative,gamma_gw,-0.0003953851133400299,-0.12281644653551316,1.9051835534644868
C_beta_CN,B_CN,142,representative,log10_Ar,-0.0001033426882639521,-0.15296197352123164,1.8750380264787685
C_beta_CN,B_CN,142,representative,log10_EFAC,6.911271574705502e-06,-0.7290671725548137,1.3029328274451863
C_beta_CN,B_CN,157,representative,u,-0.0001406366773246681,-2.0,2.0
C_beta_CN,B_CN,157,representative,log10_Agw,0.013773435512566712,-2.0,2.0
C_beta_CN,B_CN,157,representative,gamma_gw,-0.0011168580836151687,-2.0,2.0
C_beta_CN,B_CN,157,representative,log10_Ar,0.0019584589423305987,-2.0,2.0
C_beta_CN,B_CN,157,representative,log10_EFAC,0.00015178160273815466,-2.0,2.0
C_beta_CN,B_CN,184,stress,u,-7.940790989935387e-05,-2.0,2.0
C_beta_CN,B_CN,184,stress,log10_Agw,0.013200114389839035,-2.0,2.0
C_beta_CN,B_CN,184,stress,gamma_gw,0.0010811838504701798,-2.0,2.0
C_beta_CN,B_CN,184,stress,log10_Ar,0.0013745252530397156,-2.0,2.0
C_beta_CN,B_CN,184,stress,log10_EFAC,0.0007627300365002365,-2.0,2.0
C_beta_CN,B_CN,189,representative,u,0.001149833213908713,-2.0,2.0
C_beta_CN,B_CN,189,representative,log10_Agw,0.01227590013021973,-2.0,2.0
C_beta_CN,B_CN,189,representative,gamma_gw,0.0006863443459365071,-2.0,2.0
C_beta_CN,B_CN,189,representative,log10_Ar,-0.0016262146307740588,-2.0,2.0
C_beta_CN,B_CN,189,representative,log10_EFAC,0.00010323676376317037,-2.0,2.0
C_beta_CN,B_CN,191,representative,u,0.0003462697647533819,-2.0,2.0
C_beta_CN,B_CN,191,representative,log10_Agw,0.014235314989147985,-2.0,2.0
C_beta_CN,B_CN,191,representative,gamma_gw,-0.00026976734436012784,-2.0,2.0
C_beta_CN,B_CN,191,representative,log10_Ar,-0.0009082762552226065,-2.0,2.0
C_beta_CN,B_CN,191,representative,log10_EFAC,-0.000326872686303159,-2.0,2.0
C_beta_CN,B_CN,197,representative,u,-0.0009084893871246225,-0.1127710339532394,1.9152289660467607
C_beta_CN,B_CN,197,representative,log10_Agw,0.012237844854757263,-0.5470821956863533,1.4749178043136468
C_beta_CN,B_CN,197,representative,gamma_gw,-4.7296359070303495e-06,-0.14129266233437532,1.8907073376656247
C_beta_CN,B_CN,197,representative,log10_Ar,-0.0004688774193682965,-0.36603507125473045,1.6579649287452696
C_beta_CN,B_CN,197,representative,log10_EFAC,0.00019854305852137766,-0.9249121796548003,1.0880878203451996
C_beta_CN,B_CN,249,representative,u,-0.0009165372103596692,-2.0,2.0
C_beta_CN,B_CN,249,representative,log10_Agw,0.012406722493707445,-2.0,2.0
C_beta_CN,B_CN,249,representative,gamma_gw,0.0010445915971381003,-2.0,2.0
C_beta_CN,B_CN,249,representative,log10_Ar,-0.0015828064833357525,-2.0,2.0
C_beta_CN,B_CN,249,representative,log10_EFAC,-4.0937322221767936e-05,-2.0,2.0
C_beta_CN,B_CN,272,representative,u,-0.00012539927284305197,-2.0,2.0
C_beta_CN,B_CN,272,representative,log10_Agw,0.009779914591187988,-2.0,2.0
C_beta_CN,B_CN,272,representative,gamma_gw,-0.002108841064064393,-2.0,2.0
C_beta_CN,B_CN,272,representative,log10_Ar,-0.0005196227072504778,-2.0,2.0
C_beta_CN,B_CN,272,representative,log10_EFAC,-0.0013736277171635392,-2.0,2.0
C_beta_CN,B_CN,285,representative,u,0.0006199549815419925,-2.0,2.0
C_beta_CN,B_CN,285,representative,log10_Agw,0.010381575072111682,-2.0,2.0
C_beta_CN,B_CN,285,representative,gamma_gw,-0.000297450948257616,-2.0,2.0
C_beta_CN,B_CN,285,representative,log10_Ar,0.001646054933243546,-2.0,2.0
C_beta_CN,B_CN,285,representative,log10_EFAC,-6.983546177541378e-05,-2.0,2.0
C_beta_CN,B_CN,313,representative,u,-0.0013809159985591624,-2.0,2.0
C_beta_CN,B_CN,313,representative,log10_Agw,0.017792548836647826,-2.0,2.0
C_beta_CN,B_CN,313,representative,gamma_gw,-0.0010633838134114226,-2.0,2.0
C_beta_CN,B_CN,313,representative,log10_Ar,0.0029807664441016124,-2.0,2.0
C_beta_CN,B_CN,313,representative,log10_EFAC,0.0041044280587739235,-2.0,2.0
C_beta_CN,B_CN,327,representative,u,-0.009917873520152387,-2.0,2.0
C_beta_CN,B_CN,327,representative,log10_Agw,-0.0038953012060453096,-2.0,2.0
C_beta_CN,B_CN,327,representative,gamma_gw,-0.026547605530216956,-2.0,2.0
C_beta_CN,B_CN,327,representative,log10_Ar,-0.0003242330595382148,-2.0,2.0
C_beta_CN,B_CN,327,representative,log10_EFAC,-0.00880427237638004,-2.0,2.0
C_beta_CN,B_CN,333,stress,u,-0.0033783731119294558,-2.0,2.0
C_beta_CN,B_CN,333,stress,log10_Agw,-0.0004104475096701199,-2.0,2.0
C_beta_CN,B_CN,333,stress,gamma_gw,-0.020651085272784475,-2.0,2.0
C_beta_CN,B_CN,333,stress,log10_Ar,0.001975949338825722,-2.0,2.0
C_beta_CN,B_CN,333,stress,log10_EFAC,-0.00433070307276584,-2.0,2.0
C_beta_CN,B_CN,346,representative,u,-0.0005434447802321607,-2.0,2.0
C_beta_CN,B_CN,346,representative,log10_Agw,0.011425842007536269,-2.0,2.0
C_beta_CN,B_CN,346,representative,gamma_gw,-0.0017664707032818416,-2.0,2.0
C_beta_CN,B_CN,346,representative,log10_Ar,-0.000574723062814475,-2.0,2.0
C_beta_CN,B_CN,346,representative,log10_EFAC,2.48548250297298e-05,-2.0,2.0
C_beta_CN,B_CN,355,representative,u,-0.00033483806667311544,-2.0,2.0
C_beta_CN,B_CN,355,representative,log10_Agw,0.021330346828835056,-2.0,2.0
C_beta_CN,B_CN,355,representative,gamma_gw,-0.0019224002850593003,-2.0,2.0
C_beta_CN,B_CN,355,representative,log10_Ar,0.0011359048438470687,-2.0,2.0
C_beta_CN,B_CN,355,representative,log10_EFAC,0.0029435399786996996,-2.0,2.0
C_beta_CN,B_CN,359,stress,u,-0.0018567304973461374,-2.0,2.0
C_beta_CN,B_CN,359,stress,log10_Agw,-0.0015953820921981166,-2.0,2.0
C_beta_CN,B_CN,359,stress,gamma_gw,-0.0044050771371021424,-2.0,2.0
C_beta_CN,B_CN,359,stress,log10_Ar,-0.00039440262750956023,-2.0,2.0
C_beta_CN,B_CN,359,stress,log10_EFAC,-0.0029627110134546886,-2.0,2.0
C_beta_CN,B_CN,380,representative,u,2.8282012375036025e-05,-2.0,2.0
C_beta_CN,B_CN,380,representative,log10_Agw,0.015267715122113446,-2.0,2.0
C_beta_CN,B_CN,380,representative,gamma_gw,-0.0017639007174953258,-2.0,2.0
C_beta_CN,B_CN,380,representative,log10_Ar,-0.002007279091676195,-2.0,2.0
C_beta_CN,B_CN,380,representative,log10_EFAC,0.004119699570023505,-2.0,2.0
C_beta_CN,B_CN,409,representative,u,-0.0009242494519919875,-2.0,2.0
C_beta_CN,B_CN,409,representative,log10_Agw,0.01230740035593636,-2.0,2.0
C_beta_CN,B_CN,409,representative,gamma_gw,-0.0001642851044457716,-2.0,2.0
C_beta_CN,B_CN,409,representative,log10_Ar,-0.002138448792181169,-2.0,2.0
C_beta_CN,B_CN,409,representative,log10_EFAC,-8.298114162330616e-05,-2.0,2.0
C_beta_CN,B_CN,424,stress,u,-0.004855602747887655,-2.0,2.0
C_beta_CN,B_CN,424,stress,log10_Agw,0.0020495060638023865,-2.0,2.0
C_beta_CN,B_CN,424,stress,gamma_gw,-0.008617665885389925,-2.0,2.0
C_beta_CN,B_CN,424,stress,log10_Ar,0.0011194898515436424,-2.0,2.0
C_beta_CN,B_CN,424,stress,log10_EFAC,-0.005294012926819858,-2.0,2.0
C_beta_CN,B_CN,446,representative,u,-1.9155026092065874e-05,-2.0,2.0
C_beta_CN,B_CN,446,representative,log10_Agw,0.012555392591175218,-2.0,2.0
C_beta_CN,B_CN,446,representative,gamma_gw,0.001406697717175387,-2.0,2.0
C_beta_CN,B_CN,446,representative,log10_Ar,-0.0002660746820999371,-2.0,2.0
C_beta_CN,B_CN,446,representative,log10_EFAC,-0.0004069430494431092,-2.0,2.0
C_beta_CN,B_CN,453,stress,u,-0.01932588635527588,-1.87836109873829,0.16363890126171
C_beta_CN,B_CN,453,stress,log10_Agw,0.015685069782287453,-1.3386777373339585,0.6853222626660415
C_beta_CN,B_CN,453,stress,gamma_gw,-0.0019707148258736318,-1.9163121920807584,0.1316878079192415
C_beta_CN,B_CN,453,stress,log10_Ar,-0.004007880042167011,-1.8167466028218429,0.2232533971781573
C_beta_CN,B_CN,453,stress,log10_EFAC,-0.004386344858259561,-1.2627577523522213,0.7557422476477786
C_beta_CN,B_CN,458,stress,u,0.0010595913436621807,-2.0,2.0
C_beta_CN,B_CN,458,stress,log10_Agw,0.01008042252243957,-2.0,2.0
C_beta_CN,B_CN,458,stress,gamma_gw,-0.00042290912296272243,-2.0,2.0
C_beta_CN,B_CN,458,stress,log10_Ar,-0.0002838105911565636,-2.0,2.0
C_beta_CN,B_CN,458,stress,log10_EFAC,-0.0012712608000949865,-2.0,2.0
C_beta_CN,B_CN,461,representative,u,-0.0039670598117966804,-2.0,2.0
C_beta_CN,B_CN,461,representative,log10_Agw,-0.0008793741225673335,-2.0,2.0
C_beta_CN,B_CN,461,representative,gamma_gw,-0.014086980067588128,-2.0,2.0
C_beta_CN,B_CN,461,representative,log10_Ar,0.0028342303737292074,-2.0,2.0
C_beta_CN,B_CN,461,representative,log10_EFAC,-0.001808706290350126,-2.0,2.0
C_beta_CN,B_CN,463,representative,u,-0.0009032189884135011,-2.0,2.0
C_beta_CN,B_CN,463,representative,log10_Agw,0.011621958647728414,-2.0,2.0
C_beta_CN,B_CN,463,representative,gamma_gw,-0.0013647427705618664,-2.0,2.0
C_beta_CN,B_CN,463,representative,log10_Ar,-0.0003081451367757948,-2.0,2.0
C_beta_CN,B_CN,463,representative,log10_EFAC,-0.001976488151522182,-2.0,2.0
C_beta_CN,B_CN,479,representative,u,0.0002569010552428974,-2.0,2.0
C_beta_CN,B_CN,479,representative,log10_Agw,0.0024305432354514434,-2.0,2.0
C_beta_CN,B_CN,479,representative,gamma_gw,-0.010122748289638661,-2.0,2.0
C_beta_CN,B_CN,479,representative,log10_Ar,0.004832546298316198,-2.0,2.0
C_beta_CN,B_CN,479,representative,log10_EFAC,0.002822686222837767,-2.0,2.0
C_beta_CN,B_CN,489,representative,u,-0.012320565974961784,-2.0,2.0
C_beta_CN,B_CN,489,representative,log10_Agw,0.0023177337954357613,-2.0,2.0
C_beta_CN,B_CN,489,representative,gamma_gw,-0.018810862978472564,-2.0,2.0
C_beta_CN,B_CN,489,representative,log10_Ar,-0.0035648565663165543,-2.0,2.0
C_beta_CN,B_CN,489,representative,log10_EFAC,0.0005835306840697996,-2.0,2.0
C_beta_G,B_G,25,representative,u,-0.0001825961616608307,-2.0,2.0
C_beta_G,B_G,25,representative,log10_Agw,0.013603807336494023,-2.0,2.0
C_beta_G,B_G,25,representative,gamma_gw,0.00082435409247128,-2.0,2.0
C_beta_G,B_G,25,representative,log10_Ar,-0.0012794512887599474,-2.0,2.0
C_beta_G,B_G,25,representative,log10_EFAC,-0.00010469655445999315,-2.0,2.0
C_beta_G,B_G,26,representative,u,0.0016630396070711484,-2.0,2.0
C_beta_G,B_G,26,representative,log10_Agw,0.013043082311429921,-2.0,2.0
C_beta_G,B_G,26,representative,gamma_gw,-0.0018572442085399432,-2.0,2.0
C_beta_G,B_G,26,representative,log10_Ar,0.0012391141553498297,-2.0,2.0
C_beta_G,B_G,26,representative,log10_EFAC,-0.00011200655807069859,-2.0,2.0
C_beta_G,B_G,30,stress,u,-0.015658366276780855,-2.0,2.0
C_beta_G,B_G,30,stress,log10_Agw,0.003257070592797784,-2.0,2.0
C_beta_G,B_G,30,stress,gamma_gw,-0.0015720726541903485,-2.0,2.0
C_beta_G,B_G,30,stress,log10_Ar,0.0009669925741345731,-2.0,2.0
C_beta_G,B_G,30,stress,log10_EFAC,0.005866375999421414,-2.0,2.0
C_beta_G,B_G,44,representative,u,-0.0016191527614251022,-2.0,2.0
C_beta_G,B_G,44,representative,log10_Agw,0.008969690372980565,-2.0,2.0
C_beta_G,B_G,44,representative,gamma_gw,-0.0004810587112400455,-2.0,2.0
C_beta_G,B_G,44,representative,log10_Ar,0.000684499322899379,-2.0,2.0
C_beta_G,B_G,44,representative,log10_EFAC,-0.0005039305017624507,-2.0,2.0
C_beta_G,B_G,48,representative,u,0.0012880769854778373,-2.0,2.0
C_beta_G,B_G,48,representative,log10_Agw,0.013550466816645623,-2.0,2.0
C_beta_G,B_G,48,representative,gamma_gw,-0.00019398210531229587,-2.0,2.0
C_beta_G,B_G,48,representative,log10_Ar,0.0010884367287620211,-2.0,2.0
C_beta_G,B_G,48,representative,log10_EFAC,0.0003275764940217918,-2.0,2.0
C_beta_G,B_G,102,representative,u,-0.000692626913607608,-2.0,2.0
C_beta_G,B_G,102,representative,log10_Agw,0.00805401856385779,-2.0,2.0
C_beta_G,B_G,102,representative,gamma_gw,-0.0015300668930252614,-2.0,2.0
C_beta_G,B_G,102,representative,log10_Ar,-2.78739951842244e-06,-2.0,2.0
C_beta_G,B_G,102,representative,log10_EFAC,0.0010925945813121674,-2.0,2.0
C_beta_G,B_G,138,stress,u,-0.0008297185551950914,-0.11420399799085434,1.9137960020091458
C_beta_G,B_G,138,stress,log10_Agw,0.0011461529270349047,-0.657661560362458,1.372338439637542
C_beta_G,B_G,138,stress,gamma_gw,-0.010001279734592194,-0.1623735466111046,1.8736264533888956
C_beta_G,B_G,138,stress,log10_Ar,-0.0022234615919876077,-0.09263151325924002,1.9353684867407601
C_beta_G,B_G,138,stress,log10_EFAC,-0.0015603488527307086,-0.7546174194583692,1.2803825805416307
C_beta_G,B_G,142,representative,u,0.00030928304385147154,-2.0,2.0
C_beta_G,B_G,142,representative,log10_Agw,0.016063970134995387,-2.0,2.0
C_beta_G,B_G,142,representative,gamma_gw,-0.0012628293066722085,-2.0,2.0
C_beta_G,B_G,142,representative,log10_Ar,-0.0010692167091569393,-2.0,2.0
C_beta_G,B_G,142,representative,log10_EFAC,0.006741819556974615,-2.0,2.0
C_beta_G,B_G,157,representative,u,-0.0010326489815268847,-2.0,2.0
C_beta_G,B_G,157,representative,log10_Agw,0.020403488097635925,-2.0,2.0
C_beta_G,B_G,157,representative,gamma_gw,-0.00013840410084686727,-2.0,2.0
C_beta_G,B_G,157,representative,log10_Ar,-0.001762131321744409,-2.0,2.0
C_beta_G,B_G,157,representative,log10_EFAC,0.0028165072438088856,-2.0,2.0
C_beta_G,B_G,184,stress,u,0.0007447985706073856,-2.0,2.0
C_beta_G,B_G,184,stress,log10_Agw,0.011571999742851613,-2.0,2.0
C_beta_G,B_G,184,stress,gamma_gw,-0.0009477731008727952,-2.0,2.0
C_beta_G,B_G,184,stress,log10_Ar,0.0005354109555955056,-2.0,2.0
C_beta_G,B_G,184,stress,log10_EFAC,-0.0004383093637624902,-2.0,2.0
C_beta_G,B_G,189,representative,u,-0.0016722845353793758,-2.0,2.0
C_beta_G,B_G,189,representative,log10_Agw,0.018775165529833493,-2.0,2.0
C_beta_G,B_G,189,representative,gamma_gw,-0.0011523558689048308,-2.0,2.0
C_beta_G,B_G,189,representative,log10_Ar,-0.0005033625969068645,-2.0,2.0
C_beta_G,B_G,189,representative,log10_EFAC,-0.0008977759446023303,-2.0,2.0
C_beta_G,B_G,191,representative,u,0.000451013729049321,-0.11279587312969541,1.9112041268703046
C_beta_G,B_G,191,representative,log10_Agw,0.00829227201812155,-0.2809852140400182,1.7590147859599818
C_beta_G,B_G,191,representative,gamma_gw,-0.002495025394542494,-0.1211369040156931,1.910863095984307
C_beta_G,B_G,191,representative,log10_Ar,0.001924647407979485,-0.10851397044209055,1.9114860295579095
C_beta_G,B_G,191,representative,log10_EFAC,-6.121197010500179e-05,-0.7870762459718994,1.2329237540281006
C_beta_G,B_G,197,representative,u,0.0004831831461383773,-2.0,2.0
C_beta_G,B_G,197,representative,log10_Agw,0.012818753554566464,-2.0,2.0
C_beta_G,B_G,197,representative,gamma_gw,-0.0005750530554878841,-2.0,2.0
C_beta_G,B_G,197,representative,log10_Ar,-0.00016279617461467666,-2.0,2.0
C_beta_G,B_G,197,representative,log10_EFAC,-0.00022332076904073295,-2.0,2.0
C_beta_G,B_G,249,representative,u,0.00060359330899451,-2.0,2.0
C_beta_G,B_G,249,representative,log10_Agw,0.013737705592968386,-2.0,2.0
C_beta_G,B_G,249,representative,gamma_gw,0.0016423715722013732,-2.0,2.0
C_beta_G,B_G,249,representative,log10_Ar,-0.0006102915234768025,-2.0,2.0
C_beta_G,B_G,249,representative,log10_EFAC,-1.9821377009898722e-05,-2.0,2.0
C_beta_G,B_G,272,representative,u,0.0007557998856698722,-2.0,2.0
C_beta_G,B_G,272,representative,log10_Agw,0.011960358791525016,-2.0,2.0
C_beta_G,B_G,272,representative,gamma_gw,-0.00017580032275965607,-2.0,2.0
C_beta_G,B_G,272,representative,log10_Ar,0.0001970860532182206,-2.0,2.0
C_beta_G,B_G,272,representative,log10_EFAC,-0.00174656557019226,-2.0,2.0
C_beta_G,B_G,285,representative,u,-0.0013519452760898387,-2.0,2.0
C_beta_G,B_G,285,representative,log10_Agw,0.00578738603018758,-2.0,2.0
C_beta_G,B_G,285,representative,gamma_gw,-0.00519688822685227,-2.0,2.0
C_beta_G,B_G,285,representative,log10_Ar,-0.00019566165429663052,-2.0,2.0
C_beta_G,B_G,285,representative,log10_EFAC,-0.001306315315814932,-2.0,2.0
C_beta_G,B_G,313,representative,u,-5.574496357962921e-06,-2.0,2.0
C_beta_G,B_G,313,representative,log10_Agw,0.00783926985952832,-2.0,2.0
C_beta_G,B_G,313,representative,gamma_gw,-0.001676594272862597,-2.0,2.0
C_beta_G,B_G,313,representative,log10_Ar,-0.0021761457538815865,-2.0,2.0
C_beta_G,B_G,313,representative,log10_EFAC,0.00010345602418609934,-2.0,2.0
C_beta_G,B_G,327,representative,u,-0.0016202697078170347,-2.0,2.0
C_beta_G,B_G,327,representative,log10_Agw,-0.001572907811825286,-2.0,2.0
C_beta_G,B_G,327,representative,gamma_gw,-0.015473734053038979,-2.0,2.0
C_beta_G,B_G,327,representative,log10_Ar,0.0002178350290967801,-2.0,2.0
C_beta_G,B_G,327,representative,log10_EFAC,0.0027491165121403816,-2.0,2.0
C_beta_G,B_G,333,stress,u,-0.010975953859630239,-2.0,2.0
C_beta_G,B_G,333,stress,log10_Agw,0.00188690899227828,-2.0,2.0
C_beta_G,B_G,333,stress,gamma_gw,-0.013412635507498383,-2.0,2.0
C_beta_G,B_G,333,stress,log10_Ar,-0.00029097394444643765,-2.0,2.0
C_beta_G,B_G,333,stress,log10_EFAC,-0.00201129145871215,-2.0,2.0
C_beta_G,B_G,346,representative,u,0.0002583932549217183,-2.0,2.0
C_beta_G,B_G,346,representative,log10_Agw,0.014145885231834354,-2.0,2.0
C_beta_G,B_G,346,representative,gamma_gw,0.0008195239705255375,-2.0,2.0
C_beta_G,B_G,346,representative,log10_Ar,-0.003811915532609733,-2.0,2.0
C_beta_G,B_G,346,representative,log10_EFAC,-0.0008113137835027429,-2.0,2.0
C_beta_G,B_G,355,representative,u,0.0006230589958206023,-2.0,2.0
C_beta_G,B_G,355,representative,log10_Agw,0.010785817896678873,-2.0,2.0
C_beta_G,B_G,355,representative,gamma_gw,-0.0005193183131425583,-2.0,2.0
C_beta_G,B_G,355,representative,log10_Ar,0.002175109745325754,-2.0,2.0
C_beta_G,B_G,355,representative,log10_EFAC,0.0008130970954835504,-2.0,2.0
C_beta_G,B_G,359,stress,u,-0.013365181908780555,-2.0,2.0
C_beta_G,B_G,359,stress,log10_Agw,0.001532261731617579,-2.0,2.0
C_beta_G,B_G,359,stress,gamma_gw,-0.011811666446365887,-2.0,2.0
C_beta_G,B_G,359,stress,log10_Ar,-0.00031034675737595663,-2.0,2.0
C_beta_G,B_G,359,stress,log10_EFAC,-0.0030201347973749515,-2.0,2.0
C_beta_G,B_G,380,representative,u,0.0011130627693048956,-2.0,2.0
C_beta_G,B_G,380,representative,log10_Agw,0.011855065373907236,-2.0,2.0
C_beta_G,B_G,380,representative,gamma_gw,-0.001063448853655502,-2.0,2.0
C_beta_G,B_G,380,representative,log10_Ar,-0.00045125051545891193,-2.0,2.0
C_beta_G,B_G,380,representative,log10_EFAC,6.28318444184095e-05,-2.0,2.0
C_beta_G,B_G,409,representative,u,0.00012511363385836471,-2.0,2.0
C_beta_G,B_G,409,representative,log10_Agw,0.013089237022552491,-2.0,2.0
C_beta_G,B_G,409,representative,gamma_gw,0.0004886020020462567,-2.0,2.0
C_beta_G,B_G,409,representative,log10_Ar,0.0011626420281786176,-2.0,2.0
C_beta_G,B_G,409,representative,log10_EFAC,0.0005713342896511708,-2.0,2.0
C_beta_G,B_G,424,stress,u,-0.010299949052760993,-2.0,2.0
C_beta_G,B_G,424,stress,log10_Agw,-0.019116653530653394,-2.0,2.0
C_beta_G,B_G,424,stress,gamma_gw,-0.03232262423415333,-2.0,2.0
C_beta_G,B_G,424,stress,log10_Ar,0.0006617279723977187,-2.0,2.0
C_beta_G,B_G,424,stress,log10_EFAC,-0.01569408245461945,-2.0,2.0
C_beta_G,B_G,446,representative,u,2.5822462950242375e-05,-2.0,2.0
C_beta_G,B_G,446,representative,log10_Agw,0.00926741748193749,-2.0,2.0
C_beta_G,B_G,446,representative,gamma_gw,0.002232425865280274,-2.0,2.0
C_beta_G,B_G,446,representative,log10_Ar,-0.0004102286058809135,-2.0,2.0
C_beta_G,B_G,446,representative,log10_EFAC,-0.0005366015278710501,-2.0,2.0
C_beta_G,B_G,453,stress,u,0.002561304256132102,-2.0,2.0
C_beta_G,B_G,453,stress,log10_Agw,0.00992671358511421,-2.0,2.0
C_beta_G,B_G,453,stress,gamma_gw,-0.005976984199332569,-2.0,2.0
C_beta_G,B_G,453,stress,log10_Ar,0.0028257841039446285,-2.0,2.0
C_beta_G,B_G,453,stress,log10_EFAC,0.00240554350355604,-2.0,2.0
C_beta_G,B_G,458,stress,u,-0.0037322731595729186,-2.0,2.0
C_beta_G,B_G,458,stress,log10_Agw,0.010200956727764665,-2.0,2.0
C_beta_G,B_G,458,stress,gamma_gw,-0.0036352128415511054,-2.0,2.0
C_beta_G,B_G,458,stress,log10_Ar,0.001737244363036794,-2.0,2.0
C_beta_G,B_G,458,stress,log10_EFAC,0.0014787420571783505,-2.0,2.0
C_beta_G,B_G,461,representative,u,-0.013808991708690987,-2.0,2.0
C_beta_G,B_G,461,representative,log10_Agw,0.0009162530833798366,-2.0,2.0
C_beta_G,B_G,461,representative,gamma_gw,-0.014510356180871598,-2.0,2.0
C_beta_G,B_G,461,representative,log10_Ar,0.0005121349872938552,-2.0,2.0
C_beta_G,B_G,461,representative,log10_EFAC,-0.003246408539391732,-2.0,2.0
C_beta_G,B_G,463,representative,u,-0.001364411903794993,-0.1144475536206041,1.9135524463793958
C_beta_G,B_G,463,representative,log10_Agw,0.011095687419370726,-0.29613743433872197,1.737862565661278
C_beta_G,B_G,463,representative,gamma_gw,-7.117344514562252e-05,-0.12169188421063803,1.906308115789362
C_beta_G,B_G,463,representative,log10_Ar,0.0006589456684762407,-0.13259495554814926,1.8954050444518509
C_beta_G,B_G,463,representative,log10_EFAC,-0.00034822667624945236,-0.8690277060941927,1.1389722939058073
C_beta_G,B_G,479,representative,u,-0.002089140611571394,-2.0,2.0
C_beta_G,B_G,479,representative,log10_Agw,0.006762267153020418,-2.0,2.0
C_beta_G,B_G,479,representative,gamma_gw,-0.007008283408297955,-2.0,2.0
C_beta_G,B_G,479,representative,log10_Ar,0.0013634991022652976,-2.0,2.0
C_beta_G,B_G,479,representative,log10_EFAC,-0.004874129551956596,-2.0,2.0
C_beta_G,B_G,489,representative,u,-0.000771837696948996,-2.0,2.0
C_beta_G,B_G,489,representative,log10_Agw,0.0003359726806549945,-2.0,2.0
C_beta_G,B_G,489,representative,gamma_gw,-0.01875318635090506,-2.0,2.0
C_beta_G,B_G,489,representative,log10_Ar,0.0022077889985250287,-2.0,2.0
C_beta_G,B_G,489,representative,log10_EFAC,0.002015247419931032,-2.0,2.0
C_full_CN,C_beta_CN,25,representative,u,-0.00030977084201644356,-0.1157998959250568,1.9122001040749432
C_full_CN,C_beta_CN,25,representative,log10_Agw,6.127961914936808e-05,-0.1741144216171958,1.8698855783828041
C_full_CN,C_beta_CN,25,representative,gamma_gw,0.0014697000419507944,-0.11657042285066666,1.9194295771493333
C_full_CN,C_beta_CN,25,representative,log10_Ar,0.001693441389014283,-0.12780468523833455,1.9001953147616655
C_full_CN,C_beta_CN,25,representative,log10_EFAC,-0.009864762976893815,-0.5484929667014194,1.5555070332985805
C_full_CN,C_beta_CN,26,representative,u,-0.002239269241013586,-0.11754238555180496,1.908457614448195
C_full_CN,C_beta_CN,26,representative,log10_Agw,-0.0032552899790574408,-0.3587808420457592,1.6812191579542408
C_full_CN,C_beta_CN,26,representative,gamma_gw,0.00027075453859071175,-0.12385536795904994,1.91214463204095
C_full_CN,C_beta_CN,26,representative,log10_Ar,0.0001042465991011321,-0.20556469885562811,1.826435301144372
C_full_CN,C_beta_CN,26,representative,log10_EFAC,0.00034324586749084895,-0.7493046191418906,1.2686953808581094
C_full_CN,C_beta_CN,30,stress,u,0.0001662140746312435,-0.17477243659065622,1.8652275634093438
C_full_CN,C_beta_CN,30,stress,log10_Agw,-0.00048110403212708874,-0.7375989164462582,1.2804010835537418
C_full_CN,C_beta_CN,30,stress,gamma_gw,0.0015892752762913798,-0.2766373303743045,1.7793626696256954
C_full_CN,C_beta_CN,30,stress,log10_Ar,0.0015218634214180238,-0.09508756880786362,1.9369124311921362
C_full_CN,C_beta_CN,30,stress,log10_EFAC,0.0030103542382278192,-0.30559244394001095,1.7424075560599892
C_full_CN,C_beta_CN,44,representative,u,0.0006161248813038034,-0.028721542529627886,0.027278457470372164
C_full_CN,C_beta_CN,44,representative,log10_Agw,0.0008482197913464162,-0.03237746821407583,0.03562253178592423
C_full_CN,C_beta_CN,44,representative,gamma_gw,-0.00012590507928011974,-0.03217703791851023,0.03582296208148983
C_full_CN,C_beta_CN,44,representative,log10_Ar,0.0005449222988033187,-0.026590850007735756,0.0334091499922643
C_full_CN,C_beta_CN,44,representative,log10_EFAC,-7.536070036961995e-05,-0.01273746874402204,0.015262531255977985
C_full_CN,C_beta_CN,48,representative,u,8.594982344167779e-05,-0.11402470669313125,1.9119752933068688
C_full_CN,C_beta_CN,48,representative,log10_Agw,-0.0017995385543325693,-0.5108848574943047,1.5191151425056955
C_full_CN,C_beta_CN,48,representative,gamma_gw,0.0011479356829955378,-0.13487110677140257,1.8931288932285975
C_full_CN,C_beta_CN,48,representative,log10_Ar,0.0006093393103024924,-0.3265437287929529,1.7014562712070471
C_full_CN,C_beta_CN,48,representative,log10_EFAC,9.964049638513939e-05,-0.8625258859340652,1.1474741140659348
C_full_CN,C_beta_CN,102,representative,u,0.0016781114827720822,-0.11392793114656463,1.9140720688534354
C_full_CN,C_beta_CN,102,representative,log10_Agw,0.001853707716560904,-0.26746084524932356,1.7725391547506764
C_full_CN,C_beta_CN,102,representative,gamma_gw,0.001734196859918491,-0.11695518313887732,1.9110448168611227
C_full_CN,C_beta_CN,102,representative,log10_Ar,0.00035773508591741,-0.11754281107833808,1.910457188921662
C_full_CN,C_beta_CN,102,representative,log10_EFAC,0.0002472097306208676,-0.7744737682287445,1.2435262317712557
C_full_CN,C_beta_CN,138,stress,u,-0.002029368841261925,-0.031519525846161356,0.028480474153838697
C_full_CN,C_beta_CN,138,stress,log10_Agw,0.0011271984102018129,-0.016485466219408496,0.019514533780591536
C_full_CN,C_beta_CN,138,stress,gamma_gw,-0.000225030425469952,-0.03850271931379534,0.04149728068620473
C_full_CN,C_beta_CN,138,stress,log10_Ar,-2.8363920936969045e-05,-0.029880818144491172,0.026119181855508877
C_full_CN,C_beta_CN,138,stress,log10_EFAC,0.0016985466411347794,-0.10788298323501849,0.10411701676498164
C_full_CN,C_beta_CN,142,representative,u,-0.00045760635197233945,-0.03322662459779013,0.030773375402209924
C_full_CN,C_beta_CN,142,representative,log10_Agw,0.0008605248841654367,-0.029283139684775805,0.04271686031522426
C_full_CN,C_beta_CN,142,representative,gamma_gw,0.0001373045986415855,-0.02542822446214632,0.030571775537853618
C_full_CN,C_beta_CN,142,representative,log10_Ar,-2.379577492672702e-05,-0.028205895815828108,0.023794104184171827
C_full_CN,C_beta_CN,142,representative,log10_EFAC,0.00037268691955383293,-0.027477198870196895,0.03652280112980316
C_full_CN,C_beta_CN,157,representative,u,0.0008228597223494116,-0.11392830232263262,1.9140716976773673
C_full_CN,C_beta_CN,157,representative,log10_Agw,-0.004642360487825736,-0.4033152440829443,1.6726847559170557
C_full_CN,C_beta_CN,157,representative,gamma_gw,0.0025885109238008575,-0.11607297435290076,1.9259270256470993
C_full_CN,C_beta_CN,157,representative,log10_Ar,-0.0023320540911118126,-0.15331588560014542,1.8746841143998547
C_full_CN,C_beta_CN,157,representative,log10_EFAC,-0.0007222366548998993,-0.704035262496977,1.327964737503023
C_full_CN,C_beta_CN,184,stress,u,0.0008988588060633296,-0.11627065116546109,1.9117293488345388
C_full_CN,C_beta_CN,184,stress,log10_Agw,0.0010830467508425867,-0.4210193277775228,1.608980672222477
C_full_CN,C_beta_CN,184,stress,gamma_gw,-0.0016269387078079456,-0.13333598083387888,1.9026640191661213
C_full_CN,C_beta_CN,184,stress,log10_Ar,0.0005583706419491907,-0.18815191800821174,1.8558480819917884
C_full_CN,C_beta_CN,184,stress,log10_EFAC,0.00025691902242780396,-0.8068160749624713,1.2151839250375287
C_full_CN,C_beta_CN,189,representative,u,-0.0003152471595662121,-0.11229754754401544,1.9117024524559847
C_full_CN,C_beta_CN,189,representative,log10_Agw,0.001228259928873765,-0.4000309589733688,1.6359690410266312
C_full_CN,C_beta_CN,189,representative,gamma_gw,0.00024388718531898057,-0.12433651348867392,1.9076634865113262
C_full_CN,C_beta_CN,189,representative,log10_Ar,3.102990879799705e-05,-0.22750434852890078,1.7964956514710992
C_full_CN,C_beta_CN,189,representative,log10_EFAC,-0.00010056972709351908,-0.7956620403350022,1.224337959664998
C_full_CN,C_beta_CN,191,representative,u,-0.0014893266661236693,-0.11568292203751473,1.9123170779624852
C_full_CN,C_beta_CN,191,representative,log10_Agw,0.0018516029052335625,-0.2864834329719008,1.7495165670280992
C_full_CN,C_beta_CN,191,representative,gamma_gw,-0.0016452595319059737,-0.12207134815888654,1.9099286518411134
C_full_CN,C_beta_CN,191,representative,log10_Ar,0.0028542423847615073,-0.1511482756963668,1.8808517243036331
C_full_CN,C_beta_CN,191,representative,log10_EFAC,0.0003042853173774729,-0.8041749686004118,1.2158250313995882
C_full_CN,C_beta_CN,197,representative,u,0.0006102275970110149,-0.027686473607934636,0.02431352639206541
C_full_CN,C_beta_CN,197,representative,log10_Agw,0.00047315462269870157,-0.020892576318075506,0.023107423681924533
C_full_CN,C_beta_CN,197,representative,gamma_gw,-0.0009111897854746642,-0.027334042053832497,0.040665957946167564
C_full_CN,C_beta_CN,197,representative,log10_Ar,-0.0007333122203274645,-0.02564978205911861,0.026350217940881437
C_full_CN,C_beta_CN,197,representative,log10_EFAC,-1.6717237791036288e-05,-0.009611431178908572,0.012388568821091434
C_full_CN,C_beta_CN,249,representative,u,0.0016284271188622412,-0.10889843444785952,1.9151015655521406
C_full_CN,C_beta_CN,249,representative,log10_Agw,-7.37451418253432e-06,-0.43846554964966067,1.5935344503503392
C_full_CN,C_beta_CN,249,representative,gamma_gw,-0.0016007964441638878,-0.12873192232377628,1.9072680776762239
C_full_CN,C_beta_CN,249,representative,log10_Ar,0.0011148462806038761,-0.2587186664466601,1.76928133355334
C_full_CN,C_beta_CN,249,representative,log10_EFAC,-0.0014031821712489345,-0.8264703746291956,1.1905296253708044
C_full_CN,C_beta_CN,272,representative,u,-0.00039962351322608836,-0.11690507742809486,1.9150949225719052
C_full_CN,C_beta_CN,272,representative,log10_Agw,-0.0010877870809317125,-0.29558897022923014,1.7444110297707698
C_full_CN,C_beta_CN,272,representative,gamma_gw,0.0017432911438056697,-0.11870483051966219,1.909295169480338
C_full_CN,C_beta_CN,272,representative,log10_Ar,0.0016229779622044527,-0.14109095318590803,1.8869090468140919
C_full_CN,C_beta_CN,272,representative,log10_EFAC,0.0004846221476731971,-0.8162110428421714,1.2077889571578286
C_full_CN,C_beta_CN,285,representative,u,-0.00020529667024815623,-0.11365933229909808,1.9143406677009018
C_full_CN,C_beta_CN,285,representative,log10_Agw,-0.00019081363929818185,-0.2812864298597235,1.7607135701402765
C_full_CN,C_beta_CN,285,representative,gamma_gw,-0.0004801090103471184,-0.12003572468186796,1.911964275318132
C_full_CN,C_beta_CN,285,representative,log10_Ar,-0.001035423234568622,-0.12447861162417828,1.9035213883758217
C_full_CN,C_beta_CN,285,representative,log10_EFAC,-0.00016654006483174388,-0.8355195944137553,1.1764804055862448
C_full_CN,C_beta_CN,313,representative,u,0.000261117381280096,-0.11634662178896582,1.9116533782110343
C_full_CN,C_beta_CN,313,representative,log10_Agw,0.0014829839460386296,-0.34368623642060947,1.6883137635793903
C_full_CN,C_beta_CN,313,representative,gamma_gw,0.0011106667432505546,-0.12326197614418144,1.9047380238558187
C_full_CN,C_beta_CN,313,representative,log10_Ar,-0.005479434696749608,-0.18182618528399164,1.8581738147160083
C_full_CN,C_beta_CN,313,representative,log10_EFAC,-0.002041237305922261,-0.7599957322483502,1.2720042677516499
C_full_CN,C_beta_CN,327,representative,u,0.0009244214227667191,-0.1616476718205162,1.8983523281794836
C_full_CN,C_beta_CN,327,representative,log10_Agw,0.0013148973797700858,-0.7442639020501461,1.269736097949854
C_full_CN,C_beta_CN,327,representative,gamma_gw,0.0008708285745832045,-0.31423323570247064,1.7297667642975294
C_full_CN,C_beta_CN,327,representative,log10_Ar,-0.000771647662160202,-0.12874204611276951,1.8992579538872305
C_full_CN,C_beta_CN,327,representative,log10_EFAC,0.0008543706292356568,-0.44172757287109854,1.5982724271289015
C_full_CN,C_beta_CN,333,stress,u,0.0005425052757394022,-0.12874855612955938,1.9072514438704407
C_full_CN,C_beta_CN,333,stress,log10_Agw,0.0004009886074394231,-0.7301740320777608,1.2918259679222392
C_full_CN,C_beta_CN,333,stress,gamma_gw,-0.000846926988414598,-0.23429390199797995,1.81370609800202
C_full_CN,C_beta_CN,333,stress,log10_Ar,0.0006511321036467566,-0.09345819732763794,1.9305418026723622
C_full_CN,C_beta_CN,333,stress,log10_EFAC,0.003174256354377847,-0.6612956294622705,1.3907043705377296
C_full_CN,C_beta_CN,346,representative,u,0.0003370871152859056,-0.11605790171474994,1.91194209828525
C_full_CN,C_beta_CN,346,representative,log10_Agw,-4.6403496070435146e-05,-0.4029405571278487,1.6370594428721512
C_full_CN,C_beta_CN,346,representative,gamma_gw,0.001722394823349016,-0.1287078734220184,1.9032921265779816
C_full_CN,C_beta_CN,346,representative,log10_Ar,-0.0005544536438237824,-0.2027072062692714,1.8292927937307286
C_full_CN,C_beta_CN,346,representative,log10_EFAC,0.0002655591812792957,-0.8197525912791296,1.1962474087208703
C_full_CN,C_beta_CN,355,representative,u,-0.00048388295557000305,-0.12503254340249503,1.910967456597505
C_full_CN,C_beta_CN,355,representative,log10_Agw,-0.002328678019819397,-0.5971651625703676,1.5108348374296323
C_full_CN,C_beta_CN,355,representative,gamma_gw,-0.0003580092007779978,-0.12440268792726161,1.9115973120727383
C_full_CN,C_beta_CN,355,representative,log10_Ar,-0.0009571052922898726,-0.15507118658566965,1.8729288134143305
C_full_CN,C_beta_CN,355,representative,log10_EFAC,-0.001135877121986817,-0.7705630781392678,1.2554369218607322
C_full_CN,C_beta_CN,359,stress,u,-0.00034722744862558663,-0.11868132328030945,1.9053186767196906
C_full_CN,C_beta_CN,359,stress,log10_Agw,0.005375083986228102,-0.29543191180809936,1.7765680881919006
C_full_CN,C_beta_CN,359,stress,gamma_gw,0.0007169891960681074,-0.1402638668620183,1.8997361331379818
C_full_CN,C_beta_CN,359,stress,log10_Ar,0.0008267424661646539,-0.10168924385735201,1.922310756142648
C_full_CN,C_beta_CN,359,stress,log10_EFAC,-0.0005137446179659388,-0.6563523356235331,1.375647664376467
C_full_CN,C_beta_CN,380,representative,u,-0.0005407220936751722,-0.11649738457117553,1.9115026154288244
C_full_CN,C_beta_CN,380,representative,log10_Agw,-0.0028866364940060008,-0.31048882270291944,1.7215111772970806
C_full_CN,C_beta_CN,380,representative,gamma_gw,0.0016509517946757812,-0.11734082956412173,1.9066591704358782
C_full_CN,C_beta_CN,380,representative,log10_Ar,0.001708300644679639,-0.12494335148887181,1.9110566485111282
C_full_CN,C_beta_CN,380,representative,log10_EFAC,0.003040112058344202,-0.704399388320358,1.367600611679642
C_full_CN,C_beta_CN,409,representative,u,0.00033123436093795977,-0.11158977494833244,1.9164102250516675
C_full_CN,C_beta_CN,409,representative,log10_Agw,-0.0017550699180158835,-0.3457389646029606,1.6882610353970393
C_full_CN,C_beta_CN,409,representative,gamma_gw,0.001087393600611164,-0.12905214007544186,1.9109478599245582
C_full_CN,C_beta_CN,409,representative,log10_Ar,0.0011067668279263199,-0.1436574277251631,1.892342572274837
C_full_CN,C_beta_CN,409,representative,log10_EFAC,-0.0006840615289260832,-0.806646397818603,1.2093536021813969
C_full_CN,C_beta_CN,424,stress,u,-5.252988459214514e-05,-0.12944996530894815,1.902550034691052
C_full_CN,C_beta_CN,424,stress,log10_Agw,0.0009603496628303176,-0.6996305740010832,1.320369425998917
C_full_CN,C_beta_CN,424,stress,gamma_gw,0.0006717886374696391,-0.18897483308775787,1.8590251669122422
C_full_CN,C_beta_CN,424,stress,log10_Ar,-0.0003964591034689713,-0.10105837966951758,1.9269416203304823
C_full_CN,C_beta_CN,424,stress,log10_EFAC,0.0018771738930764004,-0.4568901630741353,1.6231098369258645
C_full_CN,C_beta_CN,446,representative,u,0.0005393100824869768,-0.11177025307684263,1.9122297469231575
C_full_CN,C_beta_CN,446,representative,log10_Agw,-5.690543828040795e-06,-0.29463638730479824,1.745363612695202
C_full_CN,C_beta_CN,446,representative,gamma_gw,-0.0013244314369107446,-0.11978772003394333,1.9082122799660568
C_full_CN,C_beta_CN,446,representative,log10_Ar,-0.0011850071201081613,-0.12572163587847052,1.9062783641215295
C_full_CN,C_beta_CN,446,representative,log10_EFAC,-0.001998537180482929,-0.8133587740426897,1.2026412259573103
C_full_CN,C_beta_CN,453,stress,u,-0.0017022181997385921,-0.1848657118109811,1.855134288189019
C_full_CN,C_beta_CN,453,stress,log10_Agw,0.00041471718992103224,-0.6701259245360038,1.3538740754639962
C_full_CN,C_beta_CN,453,stress,gamma_gw,0.0007651933237128317,-0.12958274326382568,1.9144172567361744
C_full_CN,C_beta_CN,453,stress,log10_Ar,-0.0008494303194129804,-0.23233415615670372,1.8076658438432962
C_full_CN,C_beta_CN,453,stress,log10_EFAC,-0.00015940255475394016,-0.766092186779302,1.259907813220698
C_full_CN,C_beta_CN,458,stress,u,-0.00021529136652387315,-0.11319860708880825,1.9148013929111918
C_full_CN,C_beta_CN,458,stress,log10_Agw,-0.0010188712750096585,-0.2997608707970272,1.7322391292029728
C_full_CN,C_beta_CN,458,stress,gamma_gw,0.0005755008066512524,-0.12453233872501424,1.907467661274986
C_full_CN,C_beta_CN,458,stress,log10_Ar,6.78817606977189e-05,-0.11610949269202331,1.9078905073079766
C_full_CN,C_beta_CN,458,stress,log10_EFAC,0.0003672913555238244,-0.8010184725128222,1.2229815274871778
C_full_CN,C_beta_CN,461,representative,u,0.0017783966790911876,-0.13460345286101283,1.901396547138987
C_full_CN,C_beta_CN,461,representative,log10_Agw,-0.00047583825762476106,-0.7587832221260714,1.2532167778739285
C_full_CN,C_beta_CN,461,representative,gamma_gw,-0.0020233004717294945,-0.3585345829612179,1.6814654170387822
C_full_CN,C_beta_CN,461,representative,log10_Ar,-0.002058255961273403,-0.1224704812426387,1.9095295187573613
C_full_CN,C_beta_CN,461,representative,log10_EFAC,0.00017854359840929757,-0.3789152341496024,1.6610847658503975
C_full_CN,C_beta_CN,463,representative,u,-0.0001582834589289872,-0.1140845083821308,1.9099154916178693
C_full_CN,C_beta_CN,463,representative,log10_Agw,-0.0016872524626102559,-0.25581963413041475,1.7801803658695854
C_full_CN,C_beta_CN,463,representative,gamma_gw,0.0015336089844856238,-0.12684387317279522,1.9091561268272048
C_full_CN,C_beta_CN,463,representative,log10_Ar,0.0001135095512767581,-0.10646243505034891,1.9215375649496511
C_full_CN,C_beta_CN,463,representative,log10_EFAC,0.00034246304924101523,-0.8145713550486711,1.203428644951329
C_full_CN,C_beta_CN,479,representative,u,0.00012244271294026277,-0.1362679746397606,1.8997320253602394
C_full_CN,C_beta_CN,479,representative,log10_Agw,-0.0013720788942852558,-0.6874780414561675,1.3335219585438325
C_full_CN,C_beta_CN,479,representative,gamma_gw,-0.0031241138985547146,-0.15835721580876405,1.889642784191236
C_full_CN,C_beta_CN,479,representative,log10_Ar,-0.001117925129269004,-0.1524368020646476,1.8795631979353522
C_full_CN,C_beta_CN,479,representative,log10_EFAC,-0.0007233820950741099,-0.6097117220254291,1.424288277974571
C_full_CN,C_beta_CN,489,representative,u,0.0008513824102756029,-0.16478176479946904,1.8792182352005309
C_full_CN,C_beta_CN,489,representative,log10_Agw,-0.000837787641686738,-0.70032562503225,1.31967437496775
C_full_CN,C_beta_CN,489,representative,gamma_gw,-0.0024083964954632053,-0.20065255562081707,1.8593474443791829
C_full_CN,C_beta_CN,489,representative,log10_Ar,0.0014199007972531819,-0.19251239137352427,1.8474876086264758
C_full_CN,C_beta_CN,489,representative,log10_EFAC,-0.001411354837634049,-0.6648459982328494,1.3711540017671506
C_full_G,C_beta_G,25,representative,u,-0.00015810189775111727,-0.1127116916864439,1.9112883083135561
C_full_G,C_beta_G,25,representative,log10_Agw,0.0025003604384546962,-0.3081537343358458,1.7558462656641542
C_full_G,C_beta_G,25,representative,gamma_gw,-0.00036549527949236715,-0.12173776692536531,1.9062622330746346
C_full_G,C_beta_G,25,representative,log10_Ar,-0.0021690505349126754,-0.16614049056671032,1.8698595094332897
C_full_G,C_beta_G,25,representative,log10_EFAC,0.0013185535921574898,-0.8084216843880752,1.2115783156119249
C_full_G,C_beta_G,26,representative,u,-0.0011125750680117674,-0.11481926847212509,1.9171807315278748
C_full_G,C_beta_G,26,representative,log10_Agw,-0.0016318591895554402,-0.3284822068645278,1.7195177931354722
C_full_G,C_beta_G,26,representative,gamma_gw,0.0013897085638823192,-0.11826936307863245,1.9097306369213676
C_full_G,C_beta_G,26,representative,log10_Ar,-0.00034012713603948086,-0.14817805691691477,1.8738219430830854
C_full_G,C_beta_G,26,representative,log10_EFAC,0.001960700118465608,-0.6824241482164992,1.3535758517835008
C_full_G,C_beta_G,30,stress,u,0.0021899022481098873,-0.16022592746051112,1.871774072539489
C_full_G,C_beta_G,30,stress,log10_Agw,-0.0011424774531429982,-0.7756241385606761,1.2448758614393238
C_full_G,C_beta_G,30,stress,gamma_gw,-0.0007225282959902879,-0.37835139096506276,1.6696486090349372
C_full_G,C_beta_G,30,stress,log10_Ar,0.0005349959187515019,-0.11526752007822416,1.9127324799217758
C_full_G,C_beta_G,30,stress,log10_EFAC,-0.0020781162784261342,-0.3427728965592445,1.6972271034407556
C_full_G,C_beta_G,44,representative,u,-0.001280071618762757,-0.1163016006365426,1.9116983993634573
C_full_G,C_beta_G,44,representative,log10_Agw,-0.0003053936397338086,-0.3198526501524769,1.7121473498475233
C_full_G,C_beta_G,44,representative,gamma_gw,0.0008512311474694334,-0.12396961503128257,1.9120303849687175
C_full_G,C_beta_G,44,representative,log10_Ar,-0.00018518769760145215,-0.14916587528621683,1.8788341247137832
C_full_G,C_beta_G,44,representative,log10_EFAC,-0.0003641386784722922,-0.8203755040593148,1.1956244959406852
C_full_G,C_beta_G,48,representative,u,-0.0008455449308364393,-0.11136245503498765,1.9126375449650124
C_full_G,C_beta_G,48,representative,log10_Agw,-0.0003626459654604286,-0.49068043956758767,1.5413195604324124
C_full_G,C_beta_G,48,representative,gamma_gw,-5.946189577088479e-05,-0.13276240954020002,1.9032375904598
C_full_G,C_beta_G,48,representative,log10_Ar,-0.0010370506609430619,-0.29950166144473844,1.7284983385552615
C_full_G,C_beta_G,48,representative,log10_EFAC,-0.00013992386207425933,-0.8594786177302798,1.1515213822697201
C_full_G,C_beta_G,102,representative,u,-0.00029549122598504507,-2.0,2.0
C_full_G,C_beta_G,102,representative,log10_Agw,0.0014109365830073939,-2.0,2.0
C_full_G,C_beta_G,102,representative,gamma_gw,0.00045061817226887957,-2.0,2.0
C_full_G,C_beta_G,102,representative,log10_Ar,-0.0001986771601831805,-2.0,2.0
C_full_G,C_beta_G,102,representative,log10_EFAC,-0.0026679408720559628,-2.0,2.0
C_full_G,C_beta_G,138,stress,u,-0.001187803160554446,-0.037364250406927924,0.030635749593072137
C_full_G,C_beta_G,138,stress,log10_Agw,0.00033712998024404417,-0.033074911204086344,0.02892508879591371
C_full_G,C_beta_G,138,stress,gamma_gw,0.0015232619191912766,-0.04023134064773115,0.043768659352268924
C_full_G,C_beta_G,138,stress,log10_Ar,0.0018070210961381727,-0.022347335386124656,0.025652664613875387
C_full_G,C_beta_G,138,stress,log10_EFAC,0.0013237899544273901,-0.03292283472603008,0.03707716527396998
C_full_G,C_beta_G,142,representative,u,-0.0022751466646114826,-0.12098940023606353,1.9150105997639364
C_full_G,C_beta_G,142,representative,log10_Agw,0.0013384827775950736,-0.31641063816931003,1.72758936183069
C_full_G,C_beta_G,142,representative,gamma_gw,-0.00019323054502862202,-0.12556515740320007,1.9064348425967999
C_full_G,C_beta_G,142,representative,log10_Ar,0.0010987457335124295,-0.12697460628638169,1.9050253937136183
C_full_G,C_beta_G,142,representative,log10_EFAC,-0.0002647267735905734,-0.679411643654831,1.3925883563451689
C_full_G,C_beta_G,157,representative,u,0.0009280494109339399,-0.11261348306159102,1.913386516938409
C_full_G,C_beta_G,157,representative,log10_Agw,0.0019426654081844408,-0.32795465602679286,1.700045343973207
C_full_G,C_beta_G,157,representative,gamma_gw,0.001259266788615987,-0.12132519499369276,1.9146748050063072
C_full_G,C_beta_G,157,representative,log10_Ar,-0.0004728998409101459,-0.19599033743964844,1.8360096625603517
C_full_G,C_beta_G,157,representative,log10_EFAC,-0.0006627196151486325,-0.757407663499573,1.272592336500427
C_full_G,C_beta_G,184,stress,u,-0.0009932990495601368,-0.11427884909148633,1.9137211509085137
C_full_G,C_beta_G,184,stress,log10_Agw,-0.00024282371335582198,-0.4431456781586214,1.5888543218413786
C_full_G,C_beta_G,184,stress,gamma_gw,0.0008516770483961711,-0.13511321811993326,1.9088867818800668
C_full_G,C_beta_G,184,stress,log10_Ar,0.00237174133724527,-0.20770968973004766,1.8202903102699524
C_full_G,C_beta_G,184,stress,log10_EFAC,-0.0002321459534259107,-0.8252706657148865,1.1987293342851135
C_full_G,C_beta_G,189,representative,u,0.0006270386080634571,-0.11376499123099415,1.9102350087690059
C_full_G,C_beta_G,189,representative,log10_Agw,0.0002183368141374098,-0.3719879268040033,1.6720120731959969
C_full_G,C_beta_G,189,representative,gamma_gw,0.0015061322560845358,-0.11494682606885687,1.9170531739311432
C_full_G,C_beta_G,189,representative,log10_Ar,0.00021049752978252734,-0.2517566816458917,1.7962433183541084
C_full_G,C_beta_G,189,representative,log10_EFAC,-0.0005516631232965197,-0.7827709832299239,1.2372290167700761
C_full_G,C_beta_G,191,representative,u,0.0007913710621917369,-0.0207318467261981,0.029268153273801945
C_full_G,C_beta_G,191,representative,log10_Agw,0.0010268960752606304,-0.04483610825533446,0.03916389174466561
C_full_G,C_beta_G,191,representative,gamma_gw,0.0010540817399551372,-0.034290743852867234,0.029709256147132712
C_full_G,C_beta_G,191,representative,log10_Ar,-0.001845048525016213,-0.025726765422841025,0.022273234577158907
C_full_G,C_beta_G,191,representative,log10_EFAC,-0.001187716957173679,-0.021396396903098913,0.018603603096901122
C_full_G,C_beta_G,197,representative,u,-0.0004999563327170442,-0.11298476340301944,1.9130152365969806
C_full_G,C_beta_G,197,representative,log10_Agw,0.0020203210063277077,-0.5472306582067621,1.482769341793238
C_full_G,C_beta_G,197,representative,gamma_gw,0.0006689992316297744,-0.14004723948129771,1.8919527605187023
C_full_G,C_beta_G,197,representative,log10_Ar,0.0005944302779197219,-0.3744977735989975,1.6535022264010024
C_full_G,C_beta_G,197,representative,log10_EFAC,1.9390125794147006e-05,-0.9306259170640309,1.0783740829359691
C_full_G,C_beta_G,249,representative,u,8.769970501032454e-06,-0.11445530002679716,1.9095446999732029
C_full_G,C_beta_G,249,representative,log10_Agw,-0.0013836648080608471,-0.4760755763870437,1.5639244236129564
C_full_G,C_beta_G,249,representative,gamma_gw,-0.0014040314361263295,-0.1318339096217489,1.9001660903782511
C_full_G,C_beta_G,249,representative,log10_Ar,0.002661233989735501,-0.28535653508801206,1.774643464911988
C_full_G,C_beta_G,249,representative,log10_EFAC,0.0013940532606980527,-0.8253515551805529,1.194648444819447
C_full_G,C_beta_G,272,representative,u,-0.0011776818902770048,-0.12233756546913077,1.9096624345308693
C_full_G,C_beta_G,272,representative,log10_Agw,-0.00035967747341736356,-0.22723245708582518,1.820767542914175
C_full_G,C_beta_G,272,representative,gamma_gw,0.0005835151647023418,-0.11772122939317875,1.9062787706068214
C_full_G,C_beta_G,272,representative,log10_Ar,0.0024178361292480632,-0.12242175399523736,1.9035782460047628
C_full_G,C_beta_G,272,representative,log10_EFAC,0.0005772005457810314,-0.7387295690846101,1.30127043091539
C_full_G,C_beta_G,285,representative,u,-0.0006180947627076883,-0.12028943678275172,1.9077105632172482
C_full_G,C_beta_G,285,representative,log10_Agw,-0.0056709380996935455,-0.4163414705500271,1.6876585294499729
C_full_G,C_beta_G,285,representative,gamma_gw,0.0003840850287940567,-0.1455969669627465,1.8944030330372534
C_full_G,C_beta_G,285,representative,log10_Ar,-0.0004588693124176757,-0.096818354449132,1.931181645550868
C_full_G,C_beta_G,285,representative,log10_EFAC,0.0005529387099370009,-0.8066609541441455,1.2263390458558545
C_full_G,C_beta_G,313,representative,u,0.002117694412584359,-0.11226350604932311,1.915736493950677
C_full_G,C_beta_G,313,representative,log10_Agw,-0.0016016797782031356,-0.3153331758741974,1.7206668241258027
C_full_G,C_beta_G,313,representative,gamma_gw,0.0021762633643527263,-0.12420040825011336,1.9117995917498867
C_full_G,C_beta_G,313,representative,log10_Ar,-0.0013761781614425317,-0.15762719324065189,1.8663728067593481
C_full_G,C_beta_G,313,representative,log10_EFAC,-0.0006441328779840383,-0.6656487078623818,1.358351292137618
C_full_G,C_beta_G,327,representative,u,-0.002456167134543441,-2.0,2.0
C_full_G,C_beta_G,327,representative,log10_Agw,-0.0005975706066349007,-2.0,2.0
C_full_G,C_beta_G,327,representative,gamma_gw,-0.0020849210354051406,-2.0,2.0
C_full_G,C_beta_G,327,representative,log10_Ar,-0.0017569854183290268,-2.0,2.0
C_full_G,C_beta_G,327,representative,log10_EFAC,-0.0015347030436998477,-2.0,2.0
C_full_G,C_beta_G,333,stress,u,0.0022081499518223913,-0.148950405625922,1.8950495943740782
C_full_G,C_beta_G,333,stress,log10_Agw,2.281013099236784e-05,-0.7479309929391944,1.2660690070608056
C_full_G,C_beta_G,333,stress,gamma_gw,0.0008786600222693286,-0.2960505510456539,1.751949448954346
C_full_G,C_beta_G,333,stress,log10_Ar,0.0007044133119328277,-0.09869864220331614,1.933301357796684
C_full_G,C_beta_G,333,stress,log10_EFAC,0.0001846927517166197,-0.7904915249239407,1.2280084750760594
C_full_G,C_beta_G,346,representative,u,-0.0012271050082169888,-0.11225227820475403,1.9157477217952459
C_full_G,C_beta_G,346,representative,log10_Agw,-0.0002703966894600507,-0.3358529410627822,1.7001470589372178
C_full_G,C_beta_G,346,representative,gamma_gw,0.000749285727992155,-0.11563948023159498,1.916360519768405
C_full_G,C_beta_G,346,representative,log10_Ar,0.00035464069808244236,-0.14740540692277515,1.888594593077225
C_full_G,C_beta_G,346,representative,log10_EFAC,-0.001363672302293506,-0.7743469218601826,1.2576530781398174
C_full_G,C_beta_G,355,representative,u,-0.0007795632707980893,-0.11209886161538851,1.9119011383846114
C_full_G,C_beta_G,355,representative,log10_Agw,-1.930575901365472e-06,-0.3370055472582145,1.7029944527417855
C_full_G,C_beta_G,355,representative,gamma_gw,-0.0015674006674027963,-0.12454144934960287,1.9074585506503972
C_full_G,C_beta_G,355,representative,log10_Ar,2.2322683901121465e-05,-0.18727747756240698,1.8407225224375932
C_full_G,C_beta_G,355,representative,log10_EFAC,-3.5923866430698226e-05,-0.6790374077615261,1.336962592238474
C_full_G,C_beta_G,359,stress,u,0.00173252535373436,-0.15280437197636165,1.8791956280236384
C_full_G,C_beta_G,359,stress,log10_Agw,0.0003096019520750781,-0.7175468654580666,1.3024531345419335
C_full_G,C_beta_G,359,stress,gamma_gw,-0.002938972178513022,-0.24839647300144685,1.807603526998553
C_full_G,C_beta_G,359,stress,log10_Ar,0.0015338601882881608,-0.09873669930775697,1.929263300692243
C_full_G,C_beta_G,359,stress,log10_EFAC,-0.0016095813979193352,-0.2677945082134481,1.812205491786552
C_full_G,C_beta_G,380,representative,u,0.0005663903055186381,-0.11473534863488033,1.9172646513651197
C_full_G,C_beta_G,380,representative,log10_Agw,-0.0004132124814378857,-0.30908676529469437,1.7309132347053056
C_full_G,C_beta_G,380,representative,gamma_gw,-0.0003445498052856433,-0.12113104256557061,1.9108689574344293
C_full_G,C_beta_G,380,representative,log10_Ar,-0.0015862541259261675,-0.13891289055283618,1.8930871094471637
C_full_G,C_beta_G,380,representative,log10_EFAC,0.0010753357603395797,-0.6474690646727111,1.3845309353272888
C_full_G,C_beta_G,409,representative,u,0.000652272192765424,-0.11047373000771121,1.9135262699922888
C_full_G,C_beta_G,409,representative,log10_Agw,0.0007088659391533136,-0.3785351028285523,1.6534648971714478
C_full_G,C_beta_G,409,representative,gamma_gw,-0.00016448488587061938,-0.1267924883943744,1.9092075116056257
C_full_G,C_beta_G,409,representative,log10_Ar,0.0015827038267975935,-0.1867832332669651,1.8452167667330348
C_full_G,C_beta_G,409,representative,log10_EFAC,0.0001353791903109247,-0.8287553485994859,1.1852446514005142
C_full_G,C_beta_G,424,stress,u,0.002341048751427599,-0.14541063182536762,1.8885893681746324
C_full_G,C_beta_G,424,stress,log10_Agw,0.0004471593974354482,-0.7159064687123878,1.328093531287612
C_full_G,C_beta_G,424,stress,gamma_gw,0.004472059236332648,-0.2641224606296143,1.7798775393703856
C_full_G,C_beta_G,424,stress,log10_Ar,-0.0003917581825422234,-0.11457450256026391,1.9174254974397362
C_full_G,C_beta_G,424,stress,log10_EFAC,-0.0009557418681742647,-0.21403954873260234,1.8419604512673977
C_full_G,C_beta_G,446,representative,u,0.0009308991173639924,-0.11235254255267735,1.9116474574473226
C_full_G,C_beta_G,446,representative,log10_Agw,0.0018148224043212924,-0.3126696867066874,1.7273303132933127
C_full_G,C_beta_G,446,representative,gamma_gw,-0.0014136096178396507,-0.12045094224619124,1.9075490577538088
C_full_G,C_beta_G,446,representative,log10_Ar,0.0011514600299661337,-0.12348870715149218,1.9025112928485077
C_full_G,C_beta_G,446,representative,log10_EFAC,0.0009913607812568337,-0.8171624929990009,1.2008375070009991
C_full_G,C_beta_G,453,stress,u,-0.0007111814178496489,-0.14289657404502842,1.9051034259549717
C_full_G,C_beta_G,453,stress,log10_Agw,-0.00104797391126632,-0.6690628011696328,1.3529371988303671
C_full_G,C_beta_G,453,stress,gamma_gw,-0.00022540288769090644,-0.15382988415620968,1.9221701158437903
C_full_G,C_beta_G,453,stress,log10_Ar,0.0014174755325854216,-0.1579162551558263,1.8740837448441736
C_full_G,C_beta_G,453,stress,log10_EFAC,-0.00031634333107294355,-0.6294189706060987,1.3945810293939012
C_full_G,C_beta_G,458,stress,u,0.000936868792038914,-0.12566931787271196,1.910330682127288
C_full_G,C_beta_G,458,stress,log10_Agw,0.0005665486444913492,-0.2059189614311283,1.8380810385688717
C_full_G,C_beta_G,458,stress,gamma_gw,-0.0020731730843014384,-0.12918501132340476,1.9108149886765953
C_full_G,C_beta_G,458,stress,log10_Ar,5.88963431022993e-05,-0.11054501410452766,1.9174549858954724
C_full_G,C_beta_G,458,stress,log10_EFAC,-0.0008847522473552916,-0.47495774712386307,1.573042252876137
C_full_G,C_beta_G,461,representative,u,0.0008980741861497332,-2.0,2.0
C_full_G,C_beta_G,461,representative,log10_Agw,-3.496974600503133e-05,-2.0,2.0
C_full_G,C_beta_G,461,representative,gamma_gw,-0.0008794171797880113,-2.0,2.0
C_full_G,C_beta_G,461,representative,log10_Ar,-0.0008963973000498671,-2.0,2.0
C_full_G,C_beta_G,461,representative,log10_EFAC,0.002492406532232039,-2.0,2.0
C_full_G,C_beta_G,463,representative,u,0.0028507544430529386,-0.026951210490025246,0.029048789509974693
C_full_G,C_beta_G,463,representative,log10_Agw,0.00039085308474107183,-0.04016839556654528,0.041831604433454794
C_full_G,C_beta_G,463,representative,gamma_gw,0.00021613036798540097,-0.030761373415106985,0.029238626584892957
C_full_G,C_beta_G,463,representative,log10_Ar,0.0007720190516309344,-0.03104592996324884,0.024954070036751208
C_full_G,C_beta_G,463,representative,log10_EFAC,0.0004021476050189987,-0.008069759688884237,0.009930240311115779
C_full_G,C_beta_G,479,representative,u,0.0015006659843266323,-0.12269701109622988,1.9173029889037703
C_full_G,C_beta_G,479,representative,log10_Agw,-0.0006471827002830777,-0.6605207505646367,1.3674792494353634
C_full_G,C_beta_G,479,representative,gamma_gw,0.0017986582148413754,-0.13073913443865925,1.9052608655613408
C_full_G,C_beta_G,479,representative,log10_Ar,1.834182963900144e-05,-0.1281091469498733,1.9038908530501266
C_full_G,C_beta_G,479,representative,log10_EFAC,0.0015266599708379514,-0.5354863493164117,1.5125136506835883
C_full_G,C_beta_G,489,representative,u,-0.0007972010332047974,-0.1296922820349774,1.9183077179650225
C_full_G,C_beta_G,489,representative,log10_Agw,-0.001073176830659106,-0.7024470292610928,1.321552970738907
C_full_G,C_beta_G,489,representative,gamma_gw,-0.0012827265482937555,-0.17949668871371882,1.8685033112862812
C_full_G,C_beta_G,489,representative,log10_Ar,0.0016953987277359417,-0.14921288500537622,1.8827871149946238
C_full_G,C_beta_G,489,representative,log10_EFAC,0.002228612819693554,-0.6430971176828026,1.3939028823171973
